idna_subject,checker_type,destination,source,tested_at,session_id
0-edge-chat-latest.messenger.com,AVAILABILITY,domains.list,domains.list,2026-10-03 11:55:00.622309+00:00,e9278341930935068fdb644e
0-edge-chat.facebook.com,AVAILABILITY,domains.list,domains.list,2026-10-03 11:55:01.027571+00:00,e9278341930935068fdb644e
0-edge-chat.messenger.com,AVAILABILITY,domains.list,domains.list,2026-10-03 11:55:01.419913+00:00,e9278341930935068fdb644e
0.facebook.com,AVAILABILITY,domains.list,domains.list,2026-10-03 11:55:02.098657+00:00,e9278341930935068fdb644e
0.messenger.com,AVAILABILITY,domains.list,domains.list,2026-10-03 11:55:02.543122+00:00,e9278341930935068fdb644e
0n.fb.me,AVAILABILITY,domains.list,domains.list,2026-10-03 11:55:03.059387+00:00,e9278341930935068fdb644e
1-edege-chat.messenger.com,AVAILABILITY,domains.list,domains.list,2026-10-03 11:55:03.690031+00:00,e9278341930935068fdb644e
1-edge-chat.facebook.com,AVAILABILITY,domains.list,domains.list,2026-10-03 11:55:04.109541+00:00,e9278341930935068fdb644e
1-edge-chat.messenger.com,AVAILABILITY,domains.list,domains.list,2026-10-03 11:55:04.647648+00:00,e9278341930935068fdb644e
1-ml-in.facebook.com.tw,AVAILABILITY,domains.list,domains.list,2026-10-03 11:55:05.749674+00:00,e9278341930935068fdb644e
1.m.me,AVAILABILITY,domains.list,domains.list,2026-10-03 11:55:06.061294+00:00,e9278341930935068fdb644e
1907113739430074.fb.me,AVAILABILITY,domains.list,domains.list,2026-10-03 11:55:06.459449+00:00,e9278341930935068fdb644e
2-edge-chat-latest.messenger.com,AVAILABILITY,domains.list,domains.list,2026-10-03 11:55:06.917050+00:00,e9278341930935068fdb644e
2-edge-chat.facebook.com,AVAILABILITY,domains.list,domains.list,2026-10-03 11:55:07.250919+00:00,e9278341930935068fdb644e
2-edge-chat.messenger.com,AVAILABILITY,domains.list,domains.list,2026-10-03 11:55:07.817482+00:00,e9278341930935068fdb644e
2.m.me,AVAILABILITY,domains.list,domains.list,2026-10-03 11:55:08.304924+00:00,e9278341930935068fdb644e
24im.messenger.com,AVAILABILITY,domains.list,domains.list,2026-10-03 11:55:08.726523+00:00,e9278341930935068fdb644e
252fwww.messenger.com,AVAILABILITY,domains.list,domains.list,2026-10-03 11:55:09.038774+00:00,e9278341930935068fdb644e
2fl.messenger.com,AVAILABILITY,domains.list,domains.list,2026-10-03 11:55:09.456555+00:00,e9278341930935068fdb644e
2fwww.messenger.com,AVAILABILITY,domains.list,domains.list,2026-10-03 11:55:09.826035+00:00,e9278341930935068fdb644e
3-edge-chat-latest.messenger.com,AVAILABILITY,domains.list,domains.list,2026-10-03 11:55:10.159557+00:00,e9278341930935068fdb644e
3-edge-chat.facebook.com,AVAILABILITY,domains.list,domains.list,2026-10-03 11:55:10.434404+00:00,e9278341930935068fdb644e
3-edge-chat.messenger.com,AVAILABILITY,domains.list,domains.list,2026-10-03 11:55:10.740747+00:00,e9278341930935068fdb644e
3.fb.me,AVAILABILITY,domains.list,domains.list,2026-10-03 11:55:11.146294+00:00,e9278341930935068fdb644e
3.m.me,AVAILABILITY,domains.list,domains.list,2026-10-03 11:55:11.492448+00:00,e9278341930935068fdb644e
348214209341889.apps.fbsbx.com,AVAILABILITY,domains.list,domains.list,2026-10-03 11:55:12.117987+00:00,e9278341930935068fdb644e
4-edge-chat-latest.messenger.com,AVAILABILITY,domains.list,domains.list,2026-10-03 11:55:12.552073+00:00,e9278341930935068fdb644e
4-edge-chat.facebook.com,AVAILABILITY,domains.list,domains.list,2026-10-03 11:55:12.892696+00:00,e9278341930935068fdb644e
4-edge-chat.messenger.com,AVAILABILITY,domains.list,domains.list,2026-10-03 11:55:13.262182+00:00,e9278341930935068fdb644e
46.m.me,AVAILABILITY,domains.list,domains.list,2026-10-03 11:55:13.681071+00:00,e9278341930935068fdb644e
5-edge-chat-latest.messenger.com,AVAILABILITY,domains.list,domains.list,2026-10-03 11:55:14.002650+00:00,e9278341930935068fdb644e
5-edge-chat.facebook.com,AVAILABILITY,domains.list,domains.list,2026-10-03 11:55:14.345897+00:00,e9278341930935068fdb644e
5-edge-chat.messenger.com,AVAILABILITY,domains.list,domains.list,2026-10-03 11:55:14.687400+00:00,e9278341930935068fdb644e
6-edge-chat.facebook.com,AVAILABILITY,domains.list,domains.list,2026-10-03 11:55:14.963238+00:00,e9278341930935068fdb644e
6-edge-chat.messenger.com,AVAILABILITY,domains.list,domains.list,2026-10-03 11:55:15.347642+00:00,e9278341930935068fdb644e
9n.fb.me,AVAILABILITY,domains.list,domains.list,2026-10-03 11:55:15.711638+00:00,e9278341930935068fdb644e
a.m.me,AVAILABILITY,domains.list,domains.list,2026-10-03 11:55:16.128986+00:00,e9278341930935068fdb644e
a.ns.facebook.com,AVAILABILITY,domains.list,domains.list,2026-10-03 11:55:36.387859+00:00,e9278341930935068fdb644e
a17-112-144-50.fb.me,AVAILABILITY,domains.list,domains.list,2026-10-03 11:55:37.026381+00:00,e9278341930935068fdb644e
a17-112-152-32.fb.me,AVAILABILITY,domains.list,domains.list,2026-10-03 11:55:37.390245+00:00,e9278341930935068fdb644e
a5.fb.me,AVAILABILITY,domains.list,domains.list,2026-10-03 11:55:37.876204+00:00,e9278341930935068fdb644e
about.facebook.com,AVAILABILITY,domains.list,domains.list,2026-10-03 11:55:38.189061+00:00,e9278341930935068fdb644e
about.fb.com,AVAILABILITY,domains.list,domains.list,2026-10-03 11:55:38.514785+00:00,e9278341930935068fdb644e
acestrea.m.me,AVAILABILITY,domains.list,domains.list,2026-10-03 11:55:38.875219+00:00,e9278341930935068fdb644e
af-za.messenger.com,AVAILABILITY,domains.list,domains.list,2026-10-03 11:55:39.760573+00:00,e9278341930935068fdb644e
ai.facebook.com,AVAILABILITY,domains.list,domains.list,2026-10-03 11:55:40.166933+00:00,e9278341930935068fdb644e
ai.fb.com,AVAILABILITY,domains.list,domains.list,2026-10-03 11:55:40.732467+00:00,e9278341930935068fdb644e
alpha.facebook.com,AVAILABILITY,domains.list,domains.list,2026-10-03 11:55:41.254356+00:00,e9278341930935068fdb644e
alpha.messenger.com,AVAILABILITY,domains.list,domains.list,2026-10-03 11:55:41.959781+00:00,e9278341930935068fdb644e
am.fb.me,AVAILABILITY,domains.list,domains.list,2026-10-03 11:55:42.332906+00:00,e9278341930935068fdb644e
an.facebook.com,AVAILABILITY,domains.list,domains.list,2026-10-03 11:55:42.679502+00:00,e9278341930935068fdb644e
an.fb.me,AVAILABILITY,domains.list,domains.list,2026-10-03 11:55:43.091209+00:00,e9278341930935068fdb644e
analytics.facebook.com,AVAILABILITY,domains.list,domains.list,2026-10-03 11:55:43.544559+00:00,e9278341930935068fdb644e
aol.messenger.com,AVAILABILITY,domains.list,domains.list,2026-10-03 11:55:43.853386+00:00,e9278341930935068fdb644e
apache.mirror.facebook.net,AVAILABILITY,domains.list,domains.list,2026-10-03 11:55:44.684656+00:00,e9278341930935068fdb644e
api-read.facebook.com,AVAILABILITY,domains.list,domains.list,2026-10-03 11:55:45.005833+00:00,e9278341930935068fdb644e
api.facebook.com,AVAILABILITY,domains.list,domains.list,2026-10-03 11:55:45.322700+00:00,e9278341930935068fdb644e
api.fb.me,AVAILABILITY,domains.list,domains.list,2026-10-03 11:55:45.839143+00:00,e9278341930935068fdb644e
api.fbcdn.com,AVAILABILITY,domains.list,domains.list,2026-10-03 11:55:46.368448+00:00,e9278341930935068fdb644e
api4.fb.me,AVAILABILITY,domains.list,domains.list,2026-10-03 11:55:46.733203+00:00,e9278341930935068fdb644e
apps-1132114886936787.apps.fbsbx.com,AVAILABILITY,domains.list,domains.list,2026-10-03 11:55:47.342480+00:00,e9278341930935068fdb644e
apps-1192247540901063.apps.fbsbx.com,AVAILABILITY,domains.list,domains.list,2026-10-03 11:55:47.931191+00:00,e9278341930935068fdb644e
apps-1214104412028762.apps.fbsbx.com,AVAILABILITY,domains.list,domains.list,2026-10-03 11:55:48.236764+00:00,e9278341930935068fdb644e
apps-1228187864000427.apps.fbsbx.com,AVAILABILITY,domains.list,domains.list,2026-10-03 11:55:48.791931+00:00,e9278341930935068fdb644e
apps-1545834658847763.apps.fbsbx.com,AVAILABILITY,domains.list,domains.list,2026-10-03 11:55:49.451827+00:00,e9278341930935068fdb644e
apps-1602981533104548.apps.fbsbx.com,AVAILABILITY,domains.list,domains.list,2026-10-03 11:55:50.097727+00:00,e9278341930935068fdb644e
apps-160840521263423.apps.fbsbx.com,AVAILABILITY,domains.list,domains.list,2026-10-03 11:55:50.679850+00:00,e9278341930935068fdb644e
apps-166387070613883.apps.fbsbx.com,AVAILABILITY,domains.list,domains.list,2026-10-03 11:55:51.048727+00:00,e9278341930935068fdb644e
apps-1673197939379493.apps.fbsbx.com,AVAILABILITY,domains.list,domains.list,2026-10-03 11:55:51.355870+00:00,e9278341930935068fdb644e
apps-169478733650534.apps.fbsbx.com,AVAILABILITY,domains.list,domains.list,2026-10-03 11:55:51.677558+00:00,e9278341930935068fdb644e
apps-1699933326751079.apps.fbsbx.com,AVAILABILITY,domains.list,domains.list,2026-10-03 11:55:52.223110+00:00,e9278341930935068fdb644e
apps-1787553804645956.apps.fbsbx.com,AVAILABILITY,domains.list,domains.list,2026-10-03 11:55:52.593038+00:00,e9278341930935068fdb644e
apps-1825153594465039.apps.fbsbx.com,AVAILABILITY,domains.list,domains.list,2026-10-03 11:55:53.015089+00:00,e9278341930935068fdb644e
apps-183280755726603.apps.fbsbx.com,AVAILABILITY,domains.list,domains.list,2026-10-03 11:55:53.539583+00:00,e9278341930935068fdb644e
apps-186681675513260.apps.fbsbx.com,AVAILABILITY,domains.list,domains.list,2026-10-03 11:55:54.017025+00:00,e9278341930935068fdb644e
apps-188484065419299.apps.fbsbx.com,AVAILABILITY,domains.list,domains.list,2026-10-03 11:55:54.458761+00:00,e9278341930935068fdb644e
apps-1939015149698140.apps.fbsbx.com,AVAILABILITY,domains.list,domains.list,2026-10-03 11:55:54.929910+00:00,e9278341930935068fdb644e
apps-194046404492818.apps.fbsbx.com,AVAILABILITY,domains.list,domains.list,2026-10-03 11:55:55.403328+00:00,e9278341930935068fdb644e
apps-1942263932536467.apps.fbsbx.com,AVAILABILITY,domains.list,domains.list,2026-10-03 11:55:55.944919+00:00,e9278341930935068fdb644e
apps-199510794066778.apps.fbsbx.com,AVAILABILITY,domains.list,domains.list,2026-10-03 11:55:56.347357+00:00,e9278341930935068fdb644e
apps-2005612986347979.apps.fbsbx.com,AVAILABILITY,domains.list,domains.list,2026-10-03 11:55:56.650152+00:00,e9278341930935068fdb644e
apps-2069434719753161.apps.fbsbx.com,AVAILABILITY,domains.list,domains.list,2026-10-03 11:55:57.083699+00:00,e9278341930935068fdb644e
apps-207011573569527.apps.fbsbx.com,AVAILABILITY,domains.list,domains.list,2026-10-03 11:55:57.631096+00:00,e9278341930935068fdb644e
apps-2078631879044532.apps.fbsbx.com,AVAILABILITY,domains.list,domains.list,2026-10-03 11:55:58.057285+00:00,e9278341930935068fdb644e
apps-2084865358395589.apps.fbsbx.com,AVAILABILITY,domains.list,domains.list,2026-10-03 11:55:58.777866+00:00,e9278341930935068fdb644e
apps-208569666689697.apps.fbsbx.com,AVAILABILITY,domains.list,domains.list,2026-10-03 11:55:59.455013+00:00,e9278341930935068fdb644e
apps-2085905595054659.apps.fbsbx.com,AVAILABILITY,domains.list,domains.list,2026-10-03 11:56:00.189730+00:00,e9278341930935068fdb644e
apps-2095791540676791.apps.fbsbx.com,AVAILABILITY,domains.list,domains.list,2026-10-03 11:56:00.821141+00:00,e9278341930935068fdb644e
apps-2132503030412548.apps.fbsbx.com,AVAILABILITY,domains.list,domains.list,2026-10-03 11:56:01.345039+00:00,e9278341930935068fdb644e
apps-2139907719383042.apps.fbsbx.com,AVAILABILITY,domains.list,domains.list,2026-10-03 11:56:01.867106+00:00,e9278341930935068fdb644e
apps-214087315949443.apps.fbsbx.com,AVAILABILITY,domains.list,domains.list,2026-10-03 11:56:02.305069+00:00,e9278341930935068fdb644e
apps-2172349176344205.apps.fbsbx.com,AVAILABILITY,domains.list,domains.list,2026-10-03 11:56:02.850791+00:00,e9278341930935068fdb644e
apps-2179404012307971.apps.fbsbx.com,AVAILABILITY,domains.list,domains.list,2026-10-03 11:56:03.331186+00:00,e9278341930935068fdb644e
apps-2184660561748468.apps.fbsbx.com,AVAILABILITY,domains.list,domains.list,2026-10-03 11:56:03.785612+00:00,e9278341930935068fdb644e
apps-226166117984247.apps.fbsbx.com,AVAILABILITY,domains.list,domains.list,2026-10-03 11:56:04.182484+00:00,e9278341930935068fdb644e
apps-2265079503727097.apps.fbsbx.com,AVAILABILITY,domains.list,domains.list,2026-10-03 11:56:04.654986+00:00,e9278341930935068fdb644e
apps-2296047290409384.apps.fbsbx.com,AVAILABILITY,domains.list,domains.list,2026-10-03 11:56:05.135371+00:00,e9278341930935068fdb644e
apps-232170860602554.apps.fbsbx.com,AVAILABILITY,domains.list,domains.list,2026-10-03 11:56:05.474566+00:00,e9278341930935068fdb644e
apps-236694420248901.apps.fbsbx.com,AVAILABILITY,domains.list,domains.list,2026-10-03 11:56:06.078119+00:00,e9278341930935068fdb644e
apps-2439130869458646.apps.fbsbx.com,AVAILABILITY,domains.list,domains.list,2026-10-03 11:56:06.600979+00:00,e9278341930935068fdb644e
apps-249058842412197.apps.fbsbx.com,AVAILABILITY,domains.list,domains.list,2026-10-03 11:56:07.228403+00:00,e9278341930935068fdb644e
apps-253763508667335.apps.fbsbx.com,AVAILABILITY,domains.list,domains.list,2026-10-03 11:56:07.712508+00:00,e9278341930935068fdb644e
apps-254328148486286.apps.fbsbx.com,AVAILABILITY,domains.list,domains.list,2026-10-03 11:56:08.315807+00:00,e9278341930935068fdb644e
apps-255976375072290.apps.fbsbx.com,AVAILABILITY,domains.list,domains.list,2026-10-03 11:56:08.832678+00:00,e9278341930935068fdb644e
apps-260713444015583.apps.fbsbx.com,AVAILABILITY,domains.list,domains.list,2026-10-03 11:56:09.471249+00:00,e9278341930935068fdb644e
apps-261796957853828.apps.fbsbx.com,AVAILABILITY,domains.list,domains.list,2026-10-03 11:56:09.811570+00:00,e9278341930935068fdb644e
apps-264813730813067.apps.fbsbx.com,AVAILABILITY,domains.list,domains.list,2026-10-03 11:56:10.286564+00:00,e9278341930935068fdb644e
apps-273318713323222.apps.fbsbx.com,AVAILABILITY,domains.list,domains.list,2026-10-03 11:56:10.886101+00:00,e9278341930935068fdb644e
apps-278152362840481.apps.fbsbx.com,AVAILABILITY,domains.list,domains.list,2026-10-03 11:56:11.187314+00:00,e9278341930935068fdb644e
apps-281311582490253.apps.fbsbx.com,AVAILABILITY,domains.list,domains.list,2026-10-03 11:56:11.479365+00:00,e9278341930935068fdb644e
apps-289333235197308.apps.fbsbx.com,AVAILABILITY,domains.list,domains.list,2026-10-03 11:56:11.865263+00:00,e9278341930935068fdb644e
apps-308084433059751.apps.fbsbx.com,AVAILABILITY,domains.list,domains.list,2026-10-03 11:56:12.167990+00:00,e9278341930935068fdb644e
apps-316495142521144.apps.fbsbx.com,AVAILABILITY,domains.list,domains.list,2026-10-03 11:56:12.510523+00:00,e9278341930935068fdb644e
apps-325224894889683.apps.fbsbx.com,AVAILABILITY,domains.list,domains.list,2026-10-03 11:56:13.170978+00:00,e9278341930935068fdb644e
apps-332538517327265.apps.fbsbx.com,AVAILABILITY,domains.list,domains.list,2026-10-03 11:56:13.597118+00:00,e9278341930935068fdb644e
apps-345185079556876.apps.fbsbx.com,AVAILABILITY,domains.list,domains.list,2026-10-03 11:56:14.074496+00:00,e9278341930935068fdb644e
apps-348214209341889.apps.fbsbx.com,AVAILABILITY,domains.list,domains.list,2026-10-03 11:56:14.453615+00:00,e9278341930935068fdb644e
apps-351078265631893.apps.fbsbx.com,AVAILABILITY,domains.list,domains.list,2026-10-03 11:56:14.876634+00:00,e9278341930935068fdb644e
apps-357189068359117.apps.fbsbx.com,AVAILABILITY,domains.list,domains.list,2026-10-03 11:56:15.286122+00:00,e9278341930935068fdb644e
apps-365534404016002.apps.fbsbx.com,AVAILABILITY,domains.list,domains.list,2026-10-03 11:56:15.788624+00:00,e9278341930935068fdb644e
apps-379618815909336.apps.fbsbx.com,AVAILABILITY,domains.list,domains.list,2026-10-03 11:56:16.194303+00:00,e9278341930935068fdb644e
apps-416920988735303.apps.fbsbx.com,AVAILABILITY,domains.list,domains.list,2026-10-03 11:56:16.580419+00:00,e9278341930935068fdb644e
apps-430637457408280.apps.fbsbx.com,AVAILABILITY,domains.list,domains.list,2026-10-03 11:56:17.129785+00:00,e9278341930935068fdb644e
apps-435721936875827.apps.fbsbx.com,AVAILABILITY,domains.list,domains.list,2026-10-03 11:56:17.665755+00:00,e9278341930935068fdb644e
apps-440945256433897.apps.fbsbx.com,AVAILABILITY,domains.list,domains.list,2026-10-03 11:56:18.244124+00:00,e9278341930935068fdb644e
apps-469033456836573.apps.fbsbx.com,AVAILABILITY,domains.list,domains.list,2026-10-03 11:56:18.544798+00:00,e9278341930935068fdb644e
apps-469069796905668.apps.fbsbx.com,AVAILABILITY,domains.list,domains.list,2026-10-03 11:56:19.131102+00:00,e9278341930935068fdb644e
apps-472412203281979.apps.fbsbx.com,AVAILABILITY,domains.list,domains.list,2026-10-03 11:56:20.002266+00:00,e9278341930935068fdb644e
apps-474443516378085.apps.fbsbx.com,AVAILABILITY,domains.list,domains.list,2026-10-03 11:56:20.370550+00:00,e9278341930935068fdb644e
apps-479029962505341.apps.fbsbx.com,AVAILABILITY,domains.list,domains.list,2026-10-03 11:56:20.836991+00:00,e9278341930935068fdb644e
apps-492432114586553.apps.fbsbx.com,AVAILABILITY,domains.list,domains.list,2026-10-03 11:56:21.266108+00:00,e9278341930935068fdb644e
apps-507890782968907.apps.fbsbx.com,AVAILABILITY,domains.list,domains.list,2026-10-03 11:56:21.844066+00:00,e9278341930935068fdb644e
apps-514261135697635.apps.fbsbx.com,AVAILABILITY,domains.list,domains.list,2026-10-03 11:56:22.324305+00:00,e9278341930935068fdb644e
apps-517524528760947.apps.fbsbx.com,AVAILABILITY,domains.list,domains.list,2026-10-03 11:56:22.948650+00:00,e9278341930935068fdb644e
apps-519222701883502.apps.fbsbx.com,AVAILABILITY,domains.list,domains.list,2026-10-03 11:56:23.489450+00:00,e9278341930935068fdb644e
apps-538324849925664.apps.fbsbx.com,AVAILABILITY,domains.list,domains.list,2026-10-03 11:56:23.820563+00:00,e9278341930935068fdb644e
apps-539921089788954.apps.fbsbx.com,AVAILABILITY,domains.list,domains.list,2026-10-03 11:56:24.391583+00:00,e9278341930935068fdb644e
apps-546661508998943.apps.fbsbx.com,AVAILABILITY,domains.list,domains.list,2026-10-03 11:56:25.139378+00:00,e9278341930935068fdb644e
apps-557106561398862.apps.fbsbx.com,AVAILABILITY,domains.list,domains.list,2026-10-03 11:56:25.519645+00:00,e9278341930935068fdb644e
apps-709002776145083.apps.fbsbx.com,AVAILABILITY,domains.list,domains.list,2026-10-03 11:56:25.888755+00:00,e9278341930935068fdb644e
apps-779934465677983.apps.fbsbx.com,AVAILABILITY,domains.list,domains.list,2026-10-03 11:56:26.378533+00:00,e9278341930935068fdb644e
apps-783505298507491.apps.fbsbx.com,AVAILABILITY,domains.list,domains.list,2026-10-03 11:56:27.008085+00:00,e9278341930935068fdb644e
apps-900016243542343.apps.fbsbx.com,AVAILABILITY,domains.list,domains.list,2026-10-03 11:56:27.500126+00:00,e9278341930935068fdb644e
apps-902424996813091.apps.fbsbx.com,AVAILABILITY,domains.list,domains.list,2026-10-03 11:56:27.988321+00:00,e9278341930935068fdb644e
apps-929526610591433.apps.fbsbx.com,AVAILABILITY,domains.list,domains.list,2026-10-03 11:56:28.556498+00:00,e9278341930935068fdb644e
apps-936118136567755.apps.fbsbx.com,AVAILABILITY,domains.list,domains.list,2026-10-03 11:56:29.209022+00:00,e9278341930935068fdb644e
apps.facebook.com,AVAILABILITY,domains.list,domains.list,2026-10-03 11:56:29.640578+00:00,e9278341930935068fdb644e
apps.fb.me,AVAILABILITY,domains.list,domains.list,2026-10-03 11:56:30.105945+00:00,e9278341930935068fdb644e
apps.fbsbx.com,AVAILABILITY,domains.list,domains.list,2026-10-03 11:56:30.480129+00:00,e9278341930935068fdb644e
apps.messenger.com,AVAILABILITY,domains.list,domains.list,2026-10-03 11:56:30.780077+00:00,e9278341930935068fdb644e
appstore.fb.com,AVAILABILITY,domains.list,domains.list,2026-10-03 11:56:50.984281+00:00,e9278341930935068fdb644e
ar-ar.facebook.com,AVAILABILITY,domains.list,domains.list,2026-10-03 11:56:51.349432+00:00,e9278341930935068fdb644e
ar-ar.he-il.fb.me,AVAILABILITY,domains.list,domains.list,2026-10-03 11:56:51.891007+00:00,e9278341930935068fdb644e
ar-ar.messenger.com,AVAILABILITY,domains.list,domains.list,2026-10-03 11:56:52.189140+00:00,e9278341930935068fdb644e
ash-appstore.fb.com,AVAILABILITY,domains.list,domains.list,2026-10-03 11:57:12.396672+00:00,e9278341930935068fdb644e
ash-fsoutpost.fb.com,AVAILABILITY,domains.list,domains.list,2026-10-03 11:57:32.601894+00:00,e9278341930935068fdb644e
ash-vsp.fb.com,AVAILABILITY,domains.list,domains.list,2026-10-03 11:57:52.838023+00:00,e9278341930935068fdb644e
atlas.c10r.facebook.com,AVAILABILITY,domains.list,domains.list,2026-10-03 11:57:53.449909+00:00,e9278341930935068fdb644e
atlasdirect.com,AVAILABILITY,domains.list,domains.list,2026-10-03 11:57:53.975975+00:00,e9278341930935068fdb644e
attachment.fbsbx.com,AVAILABILITY,domains.list,domains.list,2026-10-03 11:57:54.405916+00:00,e9278341930935068fdb644e
attachments.facebook.com,AVAILABILITY,domains.list,domains.list,2026-10-03 11:57:54.757230+00:00,e9278341930935068fdb644e
aura-11-01-snc7.facebook.com,AVAILABILITY,domains.list,domains.list,2026-10-03 11:58:14.920068+00:00,e9278341930935068fdb644e
australia.fb.com,AVAILABILITY,domains.list,domains.list,2026-10-03 11:58:15.399447+00:00,e9278341930935068fdb644e
autodiscover.messenger.com,AVAILABILITY,domains.list,domains.list,2026-10-03 11:58:15.868753+00:00,e9278341930935068fdb644e
az-az.facebook.com,AVAILABILITY,domains.list,domains.list,2026-10-03 11:58:16.249525+00:00,e9278341930935068fdb644e
az-az.fb.me,AVAILABILITY,domains.list,domains.list,2026-10-03 11:58:16.726051+00:00,e9278341930935068fdb644e
b-api.alpha.facebook.com,AVAILABILITY,domains.list,domains.list,2026-10-03 11:58:17.024850+00:00,e9278341930935068fdb644e
b-api.facebook.com,AVAILABILITY,domains.list,domains.list,2026-10-03 11:58:17.304386+00:00,e9278341930935068fdb644e
b-graph.facebook.com,AVAILABILITY,domains.list,domains.list,2026-10-03 11:58:17.599450+00:00,e9278341930935068fdb644e
b-m.facebook.com,AVAILABILITY,domains.list,domains.list,2026-10-03 11:58:18.106862+00:00,e9278341930935068fdb644e
b-www.facebook.com,AVAILABILITY,domains.list,domains.list,2026-10-03 11:58:18.405661+00:00,e9278341930935068fdb644e
b.beta.facebook.net,AVAILABILITY,domains.list,domains.list,2026-10-03 11:58:18.726187+00:00,e9278341930935068fdb644e
b.ns.facebook.com,AVAILABILITY,domains.list,domains.list,2026-10-03 11:58:38.866892+00:00,e9278341930935068fdb644e
badge.facebook.com,AVAILABILITY,domains.list,domains.list,2026-10-03 11:58:39.426279+00:00,e9278341930935068fdb644e
bb01.cdg1.tfbnw.net,AVAILABILITY,domains.list,domains.list,2026-10-03 11:58:59.629141+00:00,e9278341930935068fdb644e
bb01.sea1.tfbnw.net,AVAILABILITY,domains.list,domains.list,2026-10-03 11:59:19.848009+00:00,e9278341930935068fdb644e
beta.facebook.net,AVAILABILITY,domains.list,domains.list,2026-10-03 11:59:20.292896+00:00,e9278341930935068fdb644e
beta.fb.me,AVAILABILITY,domains.list,domains.list,2026-10-03 11:59:20.657930+00:00,e9278341930935068fdb644e
beta.messenger.com,AVAILABILITY,domains.list,domains.list,2026-10-03 11:59:21.270001+00:00,e9278341930935068fdb644e
bg-bg.facebook.com,AVAILABILITY,domains.list,domains.list,2026-10-03 11:59:21.936164+00:00,e9278341930935068fdb644e
bg-bg.fb.me,AVAILABILITY,domains.list,domains.list,2026-10-03 11:59:22.670594+00:00,e9278341930935068fdb644e
bg-bg.id-id.fb.me,AVAILABILITY,domains.list,domains.list,2026-10-03 11:59:23.139918+00:00,e9278341930935068fdb644e
bg-bg.messenger.com,AVAILABILITY,domains.list,domains.list,2026-10-03 11:59:23.741637+00:00,e9278341930935068fdb644e
bh407.fb.me,AVAILABILITY,domains.list,domains.list,2026-10-03 11:59:24.223148+00:00,e9278341930935068fdb644e
bigzipfiles.facebook.com,AVAILABILITY,domains.list,domains.list,2026-10-03 11:59:24.533216+00:00,e9278341930935068fdb644e
blackber.messenger.com,AVAILABILITY,domains.list,domains.list,2026-10-03 11:59:24.824801+00:00,e9278341930935068fdb644e
bn-in.messenger.com,AVAILABILITY,domains.list,domains.list,2026-10-03 11:59:25.313293+00:00,e9278341930935068fdb644e
bn-in.mobile.fb.me,AVAILABILITY,domains.list,domains.list,2026-10-03 11:59:25.788867+00:00,e9278341930935068fdb644e
brasil.fb.com,AVAILABILITY,domains.list,domains.list,2026-10-03 11:59:26.249228+00:00,e9278341930935068fdb644e
brazil.fb.com,AVAILABILITY,domains.list,domains.list,2026-10-03 11:59:26.705587+00:00,e9278341930935068fdb644e
bunnylol.facebook.net,AVAILABILITY,domains.list,domains.list,2026-10-03 11:59:27.776668+00:00,e9278341930935068fdb644e
business.facebook.com,AVAILABILITY,domains.list,domains.list,2026-10-03 11:59:28.126186+00:00,e9278341930935068fdb644e
business.facebook.de,AVAILABILITY,domains.list,domains.list,2026-10-03 11:59:28.718919+00:00,e9278341930935068fdb644e
c13-b2b-blog-lb.fb.me,AVAILABILITY,domains.list,domains.list,2026-10-03 11:59:29.051461+00:00,e9278341930935068fdb644e
c1or.facebook.co,AVAILABILITY,domains.list,domains.list,2026-10-03 11:59:29.598363+00:00,e9278341930935068fdb644e
ca-es.an.fb.me,AVAILABILITY,domains.list,domains.list,2026-10-03 11:59:30.024166+00:00,e9278341930935068fdb644e
ca-es.messenger.com,AVAILABILITY,domains.list,domains.list,2026-10-03 11:59:30.316975+00:00,e9278341930935068fdb644e
careerconnections.fb.com,AVAILABILITY,domains.list,domains.list,2026-10-03 11:59:30.828836+00:00,e9278341930935068fdb644e
cdn.fb.me,AVAILABILITY,domains.list,domains.list,2026-10-03 11:59:31.273521+00:00,e9278341930935068fdb644e
cdn.fbsbx.com,AVAILABILITY,domains.list,domains.list,2026-10-03 11:59:31.588051+00:00,e9278341930935068fdb644e
centos.mirror.facebook.net,AVAILABILITY,domains.list,domains.list,2026-10-03 11:59:32.125934+00:00,e9278341930935068fdb644e
centrality.facebook.com,AVAILABILITY,domains.list,domains.list,2026-10-03 11:59:32.492321+00:00,e9278341930935068fdb644e
chat-e2ee-mini.facebook.com,AVAILABILITY,domains.list,domains.list,2026-10-03 11:59:32.999948+00:00,e9278341930935068fdb644e
chat.fb.me,AVAILABILITY,domains.list,domains.list,2026-10-03 11:59:33.320276+00:00,e9278341930935068fdb644e
chat.messenger.com,AVAILABILITY,domains.list,domains.list,2026-10-03 11:59:33.785897+00:00,e9278341930935068fdb644e
chikkatext.messenger.com,AVAILABILITY,domains.list,domains.list,2026-10-03 11:59:34.149723+00:00,e9278341930935068fdb644e
cinyour.messenger.com,AVAILABILITY,domains.list,domains.list,2026-10-03 11:59:34.660150+00:00,e9278341930935068fdb644e
cinyourrc.messenger.com,AVAILABILITY,domains.list,domains.list,2026-10-03 11:59:35.015874+00:00,e9278341930935068fdb644e
code-dev.fb.com,AVAILABILITY,domains.list,domains.list,2026-10-03 11:59:35.305309+00:00,e9278341930935068fdb644e
code.facebook.com,AVAILABILITY,domains.list,domains.list,2026-10-03 11:59:35.657773+00:00,e9278341930935068fdb644e
code.fb.com,AVAILABILITY,domains.list,domains.list,2026-10-03 11:59:35.935485+00:00,e9278341930935068fdb644e
com.htmllogin.facebook.fr,AVAILABILITY,domains.list,domains.list,2026-10-03 11:59:36.486509+00:00,e9278341930935068fdb644e
com.mirror.facebook.net,AVAILABILITY,domains.list,domains.list,2026-10-03 11:59:36.731590+00:00,e9278341930935068fdb644e
connect.beta.facebook.net,AVAILABILITY,domains.list,domains.list,2026-10-03 11:59:37.409291+00:00,e9278341930935068fdb644e
connect.facebook.com,AVAILABILITY,domains.list,domains.list,2026-10-03 11:59:38.041656+00:00,e9278341930935068fdb644e
connect.facebook.it,AVAILABILITY,domains.list,domains.list,2026-10-03 11:59:39.156121+00:00,e9278341930935068fdb644e
connect.facebook.net,AVAILABILITY,domains.list,domains.list,2026-10-03 11:59:39.550583+00:00,e9278341930935068fdb644e
connectivity.fb.com,AVAILABILITY,domains.list,domains.list,2026-10-03 11:59:40.063118+00:00,e9278341930935068fdb644e
consumo.messenger.com,AVAILABILITY,domains.list,domains.list,2026-10-03 11:59:40.511250+00:00,e9278341930935068fdb644e
content.fb.com,AVAILABILITY,domains.list,domains.list,2026-10-03 11:59:41.181428+00:00,e9278341930935068fdb644e
convtrack.facebook.com,AVAILABILITY,domains.list,domains.list,2026-10-03 11:59:41.477420+00:00,e9278341930935068fdb644e
cpan.mirror.facebook.net,AVAILABILITY,domains.list,domains.list,2026-10-03 11:59:41.662018+00:00,e9278341930935068fdb644e
creative.fb.com,AVAILABILITY,domains.list,domains.list,2026-10-03 11:59:42.242390+00:00,e9278341930935068fdb644e
cs-cz.facebook.com,AVAILABILITY,domains.list,domains.list,2026-10-03 11:59:42.663945+00:00,e9278341930935068fdb644e
cs-cz.fb.me,AVAILABILITY,domains.list,domains.list,2026-10-03 11:59:43.055902+00:00,e9278341930935068fdb644e
cs-cz.messenger.com,AVAILABILITY,domains.list,domains.list,2026-10-03 11:59:43.458201+00:00,e9278341930935068fdb644e
csi.messenger.com,AVAILABILITY,domains.list,domains.list,2026-10-03 11:59:43.840658+00:00,e9278341930935068fdb644e
cuba.messenger.com,AVAILABILITY,domains.list,domains.list,2026-10-03 11:59:44.138239+00:00,e9278341930935068fdb644e
cy-gb.messenger.com,AVAILABILITY,domains.list,domains.list,2026-10-03 11:59:44.435688+00:00,e9278341930935068fdb644e
d.facebook.com,AVAILABILITY,domains.list,domains.list,2026-10-03 11:59:45.068009+00:00,e9278341930935068fdb644e
d.fb.me,AVAILABILITY,domains.list,domains.list,2026-10-03 11:59:45.534291+00:00,e9278341930935068fdb644e
d028.fma.fb.me,AVAILABILITY,domains.list,domains.list,2026-10-03 12:00:05.705736+00:00,e9278341930935068fdb644e
da-dk.facebook.com,AVAILABILITY,domains.list,domains.list,2026-10-03 12:00:06.089240+00:00,e9278341930935068fdb644e
da-dk.fb.me,AVAILABILITY,domains.list,domains.list,2026-10-03 12:00:06.404670+00:00,e9278341930935068fdb644e
da-dk.messenger.com,AVAILABILITY,domains.list,domains.list,2026-10-03 12:00:06.939960+00:00,e9278341930935068fdb644e
dataforgood.fb.com,AVAILABILITY,domains.list,domains.list,2026-10-03 12:00:07.433873+00:00,e9278341930935068fdb644e
datr.messenger.com,AVAILABILITY,domains.list,domains.list,2026-10-03 12:00:07.823271+00:00,e9278341930935068fdb644e
de-de.facebook.com,AVAILABILITY,domains.list,domains.list,2026-10-03 12:00:08.179853+00:00,e9278341930935068fdb644e
de-de.messenger.com,AVAILABILITY,domains.list,domains.list,2026-10-03 12:00:08.489065+00:00,e9278341930935068fdb644e
deutschland.fb.com,AVAILABILITY,domains.list,domains.list,2026-10-03 12:00:09.005450+00:00,e9278341930935068fdb644e
dev.messenger.com,AVAILABILITY,domains.list,domains.list,2026-10-03 12:00:09.340176+00:00,e9278341930935068fdb644e
developer.facebook.net,AVAILABILITY,domains.list,domains.list,2026-10-03 12:00:09.925291+00:00,e9278341930935068fdb644e
developer.messenger.com,AVAILABILITY,domains.list,domains.list,2026-10-03 12:00:10.593413+00:00,e9278341930935068fdb644e
developers.facebook.com,AVAILABILITY,domains.list,domains.list,2026-10-03 12:00:11.004773+00:00,e9278341930935068fdb644e
developers.facebook.net,AVAILABILITY,domains.list,domains.list,2026-10-03 12:00:11.385139+00:00,e9278341930935068fdb644e
digitaltayo.fb.com,AVAILABILITY,domains.list,domains.list,2026-10-03 12:00:11.940465+00:00,e9278341930935068fdb644e
diversity.fb.com,AVAILABILITY,domains.list,domains.list,2026-10-03 12:00:12.323421+00:00,e9278341930935068fdb644e
dl.fb.me,AVAILABILITY,domains.list,domains.list,2026-10-03 12:00:12.819472+00:00,e9278341930935068fdb644e
donate.fb.com,AVAILABILITY,domains.list,domains.list,2026-10-03 12:00:13.450838+00:00,e9278341930935068fdb644e
dr01.snc1.tfbnw.net,AVAILABILITY,domains.list,domains.list,2026-10-03 12:00:33.596155+00:00,e9278341930935068fdb644e
dr02.nao1.tfbnw.net,AVAILABILITY,domains.list,domains.list,2026-10-03 12:00:53.784194+00:00,e9278341930935068fdb644e
edge-atlas-shv-01-bru2.facebook.com,AVAILABILITY,domains.list,domains.list,2026-10-03 12:00:54.396660+00:00,e9278341930935068fdb644e
edge-atlas-shv-01-gru1.facebook.com,AVAILABILITY,domains.list,domains.list,2026-10-03 12:00:55.203490+00:00,e9278341930935068fdb644e
edge-atlas-shv-01-iad3.facebook.com,AVAILABILITY,domains.list,domains.list,2026-10-03 12:00:55.372987+00:00,e9278341930935068fdb644e
edge-atlas-shv-01-mad1.facebook.com,AVAILABILITY,domains.list,domains.list,2026-10-03 12:00:56.090809+00:00,e9278341930935068fdb644e
edge-atlas-shv-01-mxp1.facebook.com,AVAILABILITY,domains.list,domains.list,2026-10-03 12:00:56.866983+00:00,e9278341930935068fdb644e
edge-atlas-shv-01-nrt1.facebook.com,AVAILABILITY,domains.list,domains.list,2026-10-03 12:00:57.858604+00:00,e9278341930935068fdb644e
edge-atlas-shv-01-vie1.facebook.com,AVAILABILITY,domains.list,domains.list,2026-10-03 12:00:58.775215+00:00,e9278341930935068fdb644e
edge-chat.facebook.com,AVAILABILITY,domains.list,domains.list,2026-10-03 12:00:59.255466+00:00,e9278341930935068fdb644e
edge-chat.messenger.com,AVAILABILITY,domains.list,domains.list,2026-10-03 12:00:59.602995+00:00,e9278341930935068fdb644e
edge-mqtt-shv-01-bru2.facebook.com,AVAILABILITY,domains.list,domains.list,2026-10-03 12:01:19.749920+00:00,e9278341930935068fdb644e
edge-mqtt-shv-01-gru1.facebook.com,AVAILABILITY,domains.list,domains.list,2026-10-03 12:01:40.001624+00:00,e9278341930935068fdb644e
edge-mqtt-shv-01-iad3.facebook.com,AVAILABILITY,domains.list,domains.list,2026-10-03 12:02:00.155880+00:00,e9278341930935068fdb644e
edge-mqtt-shv-01-mad1.facebook.com,AVAILABILITY,domains.list,domains.list,2026-10-03 12:02:20.308366+00:00,e9278341930935068fdb644e
edge-mqtt-shv-01-mxp1.facebook.com,AVAILABILITY,domains.list,domains.list,2026-10-03 12:02:40.451285+00:00,e9278341930935068fdb644e
edge-mqtt-shv-01-nrt1.facebook.com,AVAILABILITY,domains.list,domains.list,2026-10-03 12:03:00.600888+00:00,e9278341930935068fdb644e
edge-mqtt-shv-01-tpe1.facebook.com,AVAILABILITY,domains.list,domains.list,2026-10-03 12:03:20.844735+00:00,e9278341930935068fdb644e
edge-mqtt-shv-01-vie1.facebook.com,AVAILABILITY,domains.list,domains.list,2026-10-03 12:03:40.988719+00:00,e9278341930935068fdb644e
edge-mqtt.facebook.com,AVAILABILITY,domains.list,domains.list,2026-10-03 12:04:01.148863+00:00,e9278341930935068fdb644e
edge-oculus-shv-01-lga3.fbcdn.net,AVAILABILITY,domains.list,domains.list,2026-10-03 12:04:01.578395+00:00,e9278341930935068fdb644e
edge-oculus-shv-01-mia3.fbcdn.net,AVAILABILITY,domains.list,domains.list,2026-10-03 12:04:02.184693+00:00,e9278341930935068fdb644e
edge-oculus-shv-01-yyz1.fbcdn.net,AVAILABILITY,domains.list,domains.list,2026-10-03 12:04:02.805340+00:00,e9278341930935068fdb644e
edge-sonar-mini-shv-01-bru2.fbcdn.net,AVAILABILITY,domains.list,domains.list,2026-10-03 12:04:04.392210+00:00,e9278341930935068fdb644e
edge-star-shv-01-arn2.facebook.com,AVAILABILITY,domains.list,domains.list,2026-10-03 12:04:05.674807+00:00,e9278341930935068fdb644e
edge-star-shv-01-atl3.facebook.com,AVAILABILITY,domains.list,domains.list,2026-10-03 12:04:05.917604+00:00,e9278341930935068fdb644e
edge-star-shv-01-iad3.facebook.com,AVAILABILITY,domains.list,domains.list,2026-10-03 12:04:06.173982+00:00,e9278341930935068fdb644e
edge-star-shv-01-lga3.facebook.com,AVAILABILITY,domains.list,domains.list,2026-10-03 12:04:06.494126+00:00,e9278341930935068fdb644e
edge-stun.facebook.com,AVAILABILITY,domains.list,domains.list,2026-10-03 12:04:26.653256+00:00,e9278341930935068fdb644e
edge-video-shv-01-arn2.fbcdn.net,AVAILABILITY,domains.list,domains.list,2026-10-03 12:04:27.314426+00:00,e9278341930935068fdb644e
edge-video-shv-01-cgk1.fbcdn.net,AVAILABILITY,domains.list,domains.list,2026-10-03 12:04:28.618144+00:00,e9278341930935068fdb644e
edge-video-shv-01-dfw5.fbcdn.net,AVAILABILITY,domains.list,domains.list,2026-10-03 12:04:29.038496+00:00,e9278341930935068fdb644e
edge-video-shv-01-yyz1.fbcdn.net,AVAILABILITY,domains.list,domains.list,2026-10-03 12:04:29.549183+00:00,e9278341930935068fdb644e
edge-video-shv-02-sin6.fbcdn.net,AVAILABILITY,domains.list,domains.list,2026-10-03 12:04:30.855523+00:00,e9278341930935068fdb644e
edge.messenger.com,AVAILABILITY,domains.list,domains.list,2026-10-03 12:04:31.287723+00:00,e9278341930935068fdb644e
edgeray-shv-01-bru2.facebook.com,AVAILABILITY,domains.list,domains.list,2026-10-03 12:04:51.428660+00:00,e9278341930935068fdb644e
edgeray-shv-01-gru1.facebook.com,AVAILABILITY,domains.list,domains.list,2026-10-03 12:05:11.665502+00:00,e9278341930935068fdb644e
edgeray-shv-01-iad3.facebook.com,AVAILABILITY,domains.list,domains.list,2026-10-03 12:05:31.809849+00:00,e9278341930935068fdb644e
edgeray-shv-01-mad1.facebook.com,AVAILABILITY,domains.list,domains.list,2026-10-03 12:05:51.954763+00:00,e9278341930935068fdb644e
edgeray-shv-01-mxp1.facebook.com,AVAILABILITY,domains.list,domains.list,2026-10-03 12:06:12.160111+00:00,e9278341930935068fdb644e
edgeray-shv-01-vie1.facebook.com,AVAILABILITY,domains.list,domains.list,2026-10-03 12:06:32.541211+00:00,e9278341930935068fdb644e
ehrenamt.fb.com,AVAILABILITY,domains.list,domains.list,2026-10-03 12:06:33.122456+00:00,e9278341930935068fdb644e
el-gr.ar-ar.fb.me,AVAILABILITY,domains.list,domains.list,2026-10-03 12:06:33.623044+00:00,e9278341930935068fdb644e
el-gr.facebook.com,AVAILABILITY,domains.list,domains.list,2026-10-03 12:06:34.001297+00:00,e9278341930935068fdb644e
el-gr.fb.me,AVAILABILITY,domains.list,domains.list,2026-10-03 12:06:34.499235+00:00,e9278341930935068fdb644e
el-gr.messenger.com,AVAILABILITY,domains.list,domains.list,2026-10-03 12:06:34.973374+00:00,e9278341930935068fdb644e
el-gr.pt-br.fb.me,AVAILABILITY,domains.list,domains.list,2026-10-03 12:06:35.276875+00:00,e9278341930935068fdb644e
emily.m.me,AVAILABILITY,domains.list,domains.list,2026-10-03 12:06:35.648191+00:00,e9278341930935068fdb644e
en-gb.facebook.com,AVAILABILITY,domains.list,domains.list,2026-10-03 12:06:35.956058+00:00,e9278341930935068fdb644e
en-gb.messenger.com,AVAILABILITY,domains.list,domains.list,2026-10-03 12:06:36.455601+00:00,e9278341930935068fdb644e
en.fb.me,AVAILABILITY,domains.list,domains.list,2026-10-03 12:06:36.762722+00:00,e9278341930935068fdb644e
engineering.fb.com,AVAILABILITY,domains.list,domains.list,2026-10-03 12:06:37.161231+00:00,e9278341930935068fdb644e
eni.facebook.com,AVAILABILITY,domains.list,domains.list,2026-10-03 12:06:37.521513+00:00,e9278341930935068fdb644e
enterpriseenrollment.fb.com,AVAILABILITY,domains.list,domains.list,2026-10-03 12:06:37.767914+00:00,e9278341930935068fdb644e
error.facebook.com,AVAILABILITY,domains.list,domains.list,2026-10-03 12:06:38.072954+00:00,e9278341930935068fdb644e
es-es.facebook.com,AVAILABILITY,domains.list,domains.list,2026-10-03 12:06:38.385909+00:00,e9278341930935068fdb644e
es-es.messenger.com,AVAILABILITY,domains.list,domains.list,2026-10-03 12:06:38.762304+00:00,e9278341930935068fdb644e
es-la.facebook.com,AVAILABILITY,domains.list,domains.list,2026-10-03 12:06:39.128705+00:00,e9278341930935068fdb644e
es-la.messenger.com,AVAILABILITY,domains.list,domains.list,2026-10-03 12:06:39.481015+00:00,e9278341930935068fdb644e
es.newsroom.fb.com,AVAILABILITY,domains.list,domains.list,2026-10-03 12:06:39.984859+00:00,e9278341930935068fdb644e
espana.fb.com,AVAILABILITY,domains.list,domains.list,2026-10-03 12:06:40.465942+00:00,e9278341930935068fdb644e
et-ee.facebook.com,AVAILABILITY,domains.list,domains.list,2026-10-03 12:06:40.874983+00:00,e9278341930935068fdb644e
eu-es.fb.me,AVAILABILITY,domains.list,domains.list,2026-10-03 12:06:41.265047+00:00,e9278341930935068fdb644e
external-iad3-1.xx.fbcdn.net,AVAILABILITY,domains.list,domains.list,2026-10-03 12:06:41.792777+00:00,e9278341930935068fdb644e
external-lga3-2.xx.fbcdn.net,AVAILABILITY,domains.list,domains.list,2026-10-03 12:06:41.982379+00:00,e9278341930935068fdb644e
external-lhr6-1.xx.fbcdn.net,AVAILABILITY,domains.list,domains.list,2026-10-03 12:06:43.097652+00:00,e9278341930935068fdb644e
external.fauh1-1.fna.fbcdn.net,AVAILABILITY,domains.list,domains.list,2026-10-03 12:06:44.599933+00:00,e9278341930935068fdb644e
external.fbkk10-1.fna.fbcdn.net,AVAILABILITY,domains.list,domains.list,2026-10-03 12:06:46.363563+00:00,e9278341930935068fdb644e
external.fkul8-1.fna.fbcdn.net,AVAILABILITY,domains.list,domains.list,2026-10-03 12:06:48.314176+00:00,e9278341930935068fdb644e
external.fmaa1-1.fna.fbcdn.net,AVAILABILITY,domains.list,domains.list,2026-10-03 12:06:49.995387+00:00,e9278341930935068fdb644e
external.fmex5-1.fna.fbcdn.net,AVAILABILITY,domains.list,domains.list,2026-10-03 12:06:50.728884+00:00,e9278341930935068fdb644e
external.fmnl10-1.fna.fbcdn.net,AVAILABILITY,domains.list,domains.list,2026-10-03 12:06:52.501095+00:00,e9278341930935068fdb644e
external.fpra1-1.fna.fbcdn.net,AVAILABILITY,domains.list,domains.list,2026-10-03 12:06:54.114960+00:00,e9278341930935068fdb644e
external.frec10-1.fna.fbcdn.net,AVAILABILITY,domains.list,domains.list,2026-10-03 12:06:55.492587+00:00,e9278341930935068fdb644e
external.fsdu10-1.fna.fbcdn.net,AVAILABILITY,domains.list,domains.list,2026-10-03 12:06:56.969639+00:00,e9278341930935068fdb644e
external.fsdu11-1.fna.fbcdn.net,AVAILABILITY,domains.list,domains.list,2026-10-03 12:06:58.244098+00:00,e9278341930935068fdb644e
external.ftlm1-1.fna.fbcdn.net,AVAILABILITY,domains.list,domains.list,2026-10-03 12:06:59.398130+00:00,e9278341930935068fdb644e
external.ftlm1-2.fna.fbcdn.net,AVAILABILITY,domains.list,domains.list,2026-10-03 12:07:00.885393+00:00,e9278341930935068fdb644e
external.ftpa1-1.fna.fbcdn.net,AVAILABILITY,domains.list,domains.list,2026-10-03 12:07:01.462980+00:00,e9278341930935068fdb644e
external.fvit1-1.fna.fbcdn.net,AVAILABILITY,domains.list,domains.list,2026-10-03 12:07:02.187814+00:00,e9278341930935068fdb644e
external.xx.fbcdn.net,AVAILABILITY,domains.list,domains.list,2026-10-03 12:07:02.599940+00:00,e9278341930935068fdb644e
f.m.me,AVAILABILITY,domains.list,domains.list,2026-10-03 12:07:03.030516+00:00,e9278341930935068fdb644e
f.messenger.com,AVAILABILITY,domains.list,domains.list,2026-10-03 12:07:03.518529+00:00,e9278341930935068fdb644e
f1-dev.fb.com,AVAILABILITY,domains.list,domains.list,2026-10-03 12:07:04.005417+00:00,e9278341930935068fdb644e
f1-preprod.fb.com,AVAILABILITY,domains.list,domains.list,2026-10-03 12:07:04.498854+00:00,e9278341930935068fdb644e
f6eec677a80kdno4pyq-kxornjlf1521512613-sonar.xz.fbcdn.net,AVAILABILITY,domains.list,domains.list,2026-10-03 12:07:05.814831+00:00,e9278341930935068fdb644e
fa-ir.fb.me,AVAILABILITY,domains.list,domains.list,2026-10-03 12:07:06.247856+00:00,e9278341930935068fdb644e
facebook-web-clients.appspot.com,AVAILABILITY,domains.list,domains.list,2026-10-03 12:07:06.497938+00:00,e9278341930935068fdb644e
facebook.com,AVAILABILITY,domains.list,domains.list,2026-10-03 12:07:06.950246+00:00,e9278341930935068fdb644e
facebook.fb.me,AVAILABILITY,domains.list,domains.list,2026-10-03 12:07:07.376572+00:00,e9278341930935068fdb644e
facebook.messenger.com,AVAILABILITY,domains.list,domains.list,2026-10-03 12:07:07.727283+00:00,e9278341930935068fdb644e
fb.com,AVAILABILITY,domains.list,domains.list,2026-10-03 12:07:08.114147+00:00,e9278341930935068fdb644e
fb.m.beta.messenger.com,AVAILABILITY,domains.list,domains.list,2026-10-03 12:07:08.627299+00:00,e9278341930935068fdb644e
fb.me,AVAILABILITY,domains.list,domains.list,2026-10-03 12:07:08.925258+00:00,e9278341930935068fdb644e
fb.messenger.com,AVAILABILITY,domains.list,domains.list,2026-10-03 12:07:09.533512+00:00,e9278341930935068fdb644e
fb4708f8e80kdno4pyq-bigworkf1521512717-sonar.xz.fbcdn.net,AVAILABILITY,domains.list,domains.list,2026-10-03 12:07:10.502665+00:00,e9278341930935068fdb644e
fbcdn-profile-a.akamaihd.net,AVAILABILITY,domains.list,domains.list,2026-10-03 12:07:10.800543+00:00,e9278341930935068fdb644e
fbcdn.com,AVAILABILITY,domains.list,domains.list,2026-10-03 12:07:11.144080+00:00,e9278341930935068fdb644e
fbcdn.net,AVAILABILITY,domains.list,domains.list,2026-10-03 12:07:11.580443+00:00,e9278341930935068fdb644e
fbindia.fb.com,AVAILABILITY,domains.list,domains.list,2026-10-03 12:07:11.903633+00:00,e9278341930935068fdb644e
fbjs.facebook.com,AVAILABILITY,domains.list,domains.list,2026-10-03 12:07:12.409665+00:00,e9278341930935068fdb644e
fbsbx.com,AVAILABILITY,domains.list,domains.list,2026-10-03 12:07:12.702949+00:00,e9278341930935068fdb644e
fbstatic-a.akamaihd.net,AVAILABILITY,domains.list,domains.list,2026-10-03 12:07:12.835014+00:00,e9278341930935068fdb644e
fedora.mirror.facebook.net,AVAILABILITY,domains.list,domains.list,2026-10-03 12:07:13.103509+00:00,e9278341930935068fdb644e
feedback.messenger.com,AVAILABILITY,domains.list,domains.list,2026-10-03 12:07:13.518498+00:00,e9278341930935068fdb644e
fi-fi.facebook.com,AVAILABILITY,domains.list,domains.list,2026-10-03 12:07:14.067608+00:00,e9278341930935068fdb644e
fi-fi.fb.me,AVAILABILITY,domains.list,domains.list,2026-10-03 12:07:14.473817+00:00,e9278341930935068fdb644e
fi-fi.id-id.fb.me,AVAILABILITY,domains.list,domains.list,2026-10-03 12:07:14.851004+00:00,e9278341930935068fdb644e
fi-fi.messenger.com,AVAILABILITY,domains.list,domains.list,2026-10-03 12:07:15.172274+00:00,e9278341930935068fdb644e
fma.fb.me,AVAILABILITY,domains.list,domains.list,2026-10-03 12:07:15.729345+00:00,e9278341930935068fdb644e
fna-fbcdn-shv-01-fmaa1.fbcdn.net,AVAILABILITY,domains.list,domains.list,2026-10-03 12:07:17.521121+00:00,e9278341930935068fdb644e
fna-fbcdn-video-shv-01-ffjr1.fbcdn.net,AVAILABILITY,domains.list,domains.list,2026-10-03 12:07:19.120066+00:00,e9278341930935068fdb644e
fna-instagram-shv-01-fpat2.fbcdn.net,AVAILABILITY,domains.list,domains.list,2026-10-03 12:07:20.671728+00:00,e9278341930935068fdb644e
fo-fo.facebook.com,AVAILABILITY,domains.list,domains.list,2026-10-03 12:07:21.086145+00:00,e9278341930935068fdb644e
formation.fb.com,AVAILABILITY,domains.list,domains.list,2026-10-03 12:07:21.656335+00:00,e9278341930935068fdb644e
fr-ca.facebook.com,AVAILABILITY,domains.list,domains.list,2026-10-03 12:07:22.019593+00:00,e9278341930935068fdb644e
fr-ca.messenger.com,AVAILABILITY,domains.list,domains.list,2026-10-03 12:07:22.347799+00:00,e9278341930935068fdb644e
fr-fr.facebook.com,AVAILABILITY,domains.list,domains.list,2026-10-03 12:07:22.669064+00:00,e9278341930935068fdb644e
fr-fr.messenger.com,AVAILABILITY,domains.list,domains.list,2026-10-03 12:07:22.994384+00:00,e9278341930935068fdb644e
fr-fr.zh-tw.www.on.fb.me,AVAILABILITY,domains.list,domains.list,2026-10-03 12:07:23.498110+00:00,e9278341930935068fdb644e
fr.msn.messenger.com,AVAILABILITY,domains.list,domains.list,2026-10-03 12:07:24.035739+00:00,e9278341930935068fdb644e
frc-fsoutpost.fb.com,AVAILABILITY,domains.list,domains.list,2026-10-03 12:07:44.281752+00:00,e9278341930935068fdb644e
frc-vsp.fb.com,AVAILABILITY,domains.list,domains.list,2026-10-03 12:08:04.441735+00:00,e9278341930935068fdb644e
free.basic.fb.me,AVAILABILITY,domains.list,domains.list,2026-10-03 12:08:04.730287+00:00,e9278341930935068fdb644e
free.facebook.com,AVAILABILITY,domains.list,domains.list,2026-10-03 12:08:05.590485+00:00,e9278341930935068fdb644e
free.fb.com,AVAILABILITY,domains.list,domains.list,2026-10-03 12:08:06.198208+00:00,e9278341930935068fdb644e
freebasic.messenger.com,AVAILABILITY,domains.list,domains.list,2026-10-03 12:08:06.672591+00:00,e9278341930935068fdb644e
fsoutpost.fb.com,AVAILABILITY,domains.list,domains.list,2026-10-03 12:08:06.835407+00:00,e9278341930935068fdb644e
ftp.fb.me,AVAILABILITY,domains.list,domains.list,2026-10-03 12:08:07.314310+00:00,e9278341930935068fdb644e
fy-nl.messenger.com,AVAILABILITY,domains.list,domains.list,2026-10-03 12:08:07.740115+00:00,e9278341930935068fdb644e
g.m.me,AVAILABILITY,domains.list,domains.list,2026-10-03 12:08:08.032894+00:00,e9278341930935068fdb644e
garena.messenger.com,AVAILABILITY,domains.list,domains.list,2026-10-03 12:08:08.379565+00:00,e9278341930935068fdb644e
gateway.facebook.com,AVAILABILITY,domains.list,domains.list,2026-10-03 12:08:28.524089+00:00,e9278341930935068fdb644e
ge-chat.messenger.com,AVAILABILITY,domains.list,domains.list,2026-10-03 12:08:28.950862+00:00,e9278341930935068fdb644e
gente.messenger.com,AVAILABILITY,domains.list,domains.list,2026-10-03 12:08:29.319893+00:00,e9278341930935068fdb644e
gl-es.bs-ba.fb.me,AVAILABILITY,domains.list,domains.list,2026-10-03 12:08:29.959405+00:00,e9278341930935068fdb644e
globe-telegram.messenger.com,AVAILABILITY,domains.list,domains.list,2026-10-03 12:08:30.254149+00:00,e9278341930935068fdb644e
govtrequests.facebook.com,AVAILABILITY,domains.list,domains.list,2026-10-03 12:08:30.566578+00:00,e9278341930935068fdb644e
graph-fallback.facebook.com,AVAILABILITY,domains.list,domains.list,2026-10-03 12:08:30.916954+00:00,e9278341930935068fdb644e
graph.alpha.facebook.com,AVAILABILITY,domains.list,domains.list,2026-10-03 12:08:31.454892+00:00,e9278341930935068fdb644e
graph.facebook.com,AVAILABILITY,domains.list,domains.list,2026-10-03 12:08:31.919662+00:00,e9278341930935068fdb644e
graph.fb.me,AVAILABILITY,domains.list,domains.list,2026-10-03 12:08:32.274877+00:00,e9278341930935068fdb644e
groupcls.facebook.com,AVAILABILITY,domains.list,domains.list,2026-10-03 12:08:32.568762+00:00,e9278341930935068fdb644e
gs.fb.com,AVAILABILITY,domains.list,domains.list,2026-10-03 12:08:32.951492+00:00,e9278341930935068fdb644e
h.fb.com,AVAILABILITY,domains.list,domains.list,2026-10-03 12:08:33.484638+00:00,e9278341930935068fdb644e
h.fb.me,AVAILABILITY,domains.list,domains.list,2026-10-03 12:08:34.060549+00:00,e9278341930935068fdb644e
h.m.me,AVAILABILITY,domains.list,domains.list,2026-10-03 12:08:34.351187+00:00,e9278341930935068fdb644e
he-il.el-gr.fb.me,AVAILABILITY,domains.list,domains.list,2026-10-03 12:08:34.642338+00:00,e9278341930935068fdb644e
he-il.facebook.com,AVAILABILITY,domains.list,domains.list,2026-10-03 12:08:35.094385+00:00,e9278341930935068fdb644e
he-il.fb.me,AVAILABILITY,domains.list,domains.list,2026-10-03 12:08:35.399540+00:00,e9278341930935068fdb644e
helpdesk.tfbnw.net,AVAILABILITY,domains.list,domains.list,2026-10-03 12:08:55.561446+00:00,e9278341930935068fdb644e
hi-in.facebook.com,AVAILABILITY,domains.list,domains.list,2026-10-03 12:08:56.037347+00:00,e9278341930935068fdb644e
hi-in.messenger.com,AVAILABILITY,domains.list,domains.list,2026-10-03 12:08:56.354378+00:00,e9278341930935068fdb644e
hi5.messenger.com,AVAILABILITY,domains.list,domains.list,2026-10-03 12:08:56.768384+00:00,e9278341930935068fdb644e
hostlink.fb.me,AVAILABILITY,domains.list,domains.list,2026-10-03 12:08:57.284466+00:00,e9278341930935068fdb644e
hotline.fb.me,AVAILABILITY,domains.list,domains.list,2026-10-03 12:08:57.624774+00:00,e9278341930935068fdb644e
hr-hr.facebook.com,AVAILABILITY,domains.list,domains.list,2026-10-03 12:08:57.923330+00:00,e9278341930935068fdb644e
hr-hr.vi-vn.fb.me,AVAILABILITY,domains.list,domains.list,2026-10-03 12:08:58.581139+00:00,e9278341930935068fdb644e
http.messenger.com,AVAILABILITY,domains.list,domains.list,2026-10-03 12:08:58.701984+00:00,e9278341930935068fdb644e
hu-hu.facebook.com,AVAILABILITY,domains.list,domains.list,2026-10-03 12:08:59.050174+00:00,e9278341930935068fdb644e
hu-hu.messenger.com,AVAILABILITY,domains.list,domains.list,2026-10-03 12:08:59.389362+00:00,e9278341930935068fdb644e
i.messenger.com,AVAILABILITY,domains.list,domains.list,2026-10-03 12:08:59.855855+00:00,e9278341930935068fdb644e
id-id.facebook.com,AVAILABILITY,domains.list,domains.list,2026-10-03 12:09:00.168010+00:00,e9278341930935068fdb644e
id-id.fb.me,AVAILABILITY,domains.list,domains.list,2026-10-03 12:09:00.746399+00:00,e9278341930935068fdb644e
id-id.messenger.com,AVAILABILITY,domains.list,domains.list,2026-10-03 12:09:01.118166+00:00,e9278341930935068fdb644e
imap4.messenger.com,AVAILABILITY,domains.list,domains.list,2026-10-03 12:09:01.572680+00:00,e9278341930935068fdb644e
impara-uspreprod.fb.com,AVAILABILITY,domains.list,domains.list,2026-10-03 12:09:02.076145+00:00,e9278341930935068fdb644e
in.fb.me,AVAILABILITY,domains.list,domains.list,2026-10-03 12:09:02.470644+00:00,e9278341930935068fdb644e
indiaeconomy.fb.com,AVAILABILITY,domains.list,domains.list,2026-10-03 12:09:02.766005+00:00,e9278341930935068fdb644e
indonesia.fb.com,AVAILABILITY,domains.list,domains.list,2026-10-03 12:09:03.003243+00:00,e9278341930935068fdb644e
instagram-p15-shv-01-iad3.fbcdn.net,AVAILABILITY,domains.list,domains.list,2026-10-03 12:09:03.157366+00:00,e9278341930935068fdb644e
instagram-p3-shv-01-arn2.fbcdn.net,AVAILABILITY,domains.list,domains.list,2026-10-03 12:09:03.987366+00:00,e9278341930935068fdb644e
instagram-p3-shv-01-atl3.fbcdn.net,AVAILABILITY,domains.list,domains.list,2026-10-03 12:09:04.328575+00:00,e9278341930935068fdb644e
instagram-p3-shv-01-bru2.fbcdn.net,AVAILABILITY,domains.list,domains.list,2026-10-03 12:09:05.085730+00:00,e9278341930935068fdb644e
instagram-p3-shv-01-iad3.fbcdn.net,AVAILABILITY,domains.list,domains.list,2026-10-03 12:09:05.857447+00:00,e9278341930935068fdb644e
instagram-p3-shv-01-lax3.fbcdn.net,AVAILABILITY,domains.list,domains.list,2026-10-03 12:09:06.569131+00:00,e9278341930935068fdb644e
instagram-p3-shv-01-lga3.fbcdn.net,AVAILABILITY,domains.list,domains.list,2026-10-03 12:09:06.751663+00:00,e9278341930935068fdb644e
instagram-p3-shv-01-mad1.fbcdn.net,AVAILABILITY,domains.list,domains.list,2026-10-03 12:09:07.674160+00:00,e9278341930935068fdb644e
instagram-p3-shv-01-mxp1.fbcdn.net,AVAILABILITY,domains.list,domains.list,2026-10-03 12:09:08.326287+00:00,e9278341930935068fdb644e
instagram-p3-shv-01-nrt1.fbcdn.net,AVAILABILITY,domains.list,domains.list,2026-10-03 12:09:09.358861+00:00,e9278341930935068fdb644e
instagram-p3-shv-01-sin6.fbcdn.net,AVAILABILITY,domains.list,domains.list,2026-10-03 12:09:10.796264+00:00,e9278341930935068fdb644e
instagram-p3-shv-01-sjc3.fbcdn.net,AVAILABILITY,domains.list,domains.list,2026-10-03 12:09:11.281331+00:00,e9278341930935068fdb644e
instagram-p3-shv-01-vie1.fbcdn.net,AVAILABILITY,domains.list,domains.list,2026-10-03 12:09:11.981472+00:00,e9278341930935068fdb644e
instagram-p3-shv-01-yyz1.fbcdn.net,AVAILABILITY,domains.list,domains.list,2026-10-03 12:09:12.414326+00:00,e9278341930935068fdb644e
instagram-p3-shv-02-lax3.fbcdn.net,AVAILABILITY,domains.list,domains.list,2026-10-03 12:09:13.032078+00:00,e9278341930935068fdb644e
instagram-p3-shv-02-sin6.fbcdn.net,AVAILABILITY,domains.list,domains.list,2026-10-03 12:09:14.400922+00:00,e9278341930935068fdb644e
instagram-p42-shv-01-cgk1.fbcdn.net,AVAILABILITY,domains.list,domains.list,2026-10-03 12:09:15.924435+00:00,e9278341930935068fdb644e
instagram-p42-shv-01-iad3.fbcdn.net,AVAILABILITY,domains.list,domains.list,2026-10-03 12:09:16.474387+00:00,e9278341930935068fdb644e
instagram-p42-shv-01-lga3.fbcdn.net,AVAILABILITY,domains.list,domains.list,2026-10-03 12:09:16.966651+00:00,e9278341930935068fdb644e
instagram.c10r.facebook.com,AVAILABILITY,domains.list,domains.list,2026-10-03 12:09:17.298020+00:00,e9278341930935068fdb644e
instagram.facc1-1.fna.fbcdn.net,AVAILABILITY,domains.list,domains.list,2026-10-03 12:09:18.365505+00:00,e9278341930935068fdb644e
instagram.fbom10-1.fna.fbcdn.net,AVAILABILITY,domains.list,domains.list,2026-10-03 12:09:19.810482+00:00,e9278341930935068fdb644e
instagram.fbom11-1.fna.fbcdn.net,AVAILABILITY,domains.list,domains.list,2026-10-03 12:09:21.144913+00:00,e9278341930935068fdb644e
instagram.fbsb1-1.fna.fbcdn.net,AVAILABILITY,domains.list,domains.list,2026-10-03 12:09:22.189599+00:00,e9278341930935068fdb644e
instagram.fbsb10-1.fna.fbcdn.net,AVAILABILITY,domains.list,domains.list,2026-10-03 12:09:23.166001+00:00,e9278341930935068fdb644e
instagram.fbsb11-1.fna.fbcdn.net,AVAILABILITY,domains.list,domains.list,2026-10-03 12:09:23.972581+00:00,e9278341930935068fdb644e
instagram.fcac1-1.fna.fbcdn.net,AVAILABILITY,domains.list,domains.list,2026-10-03 12:09:24.959383+00:00,e9278341930935068fdb644e
instagram.fpoa1-1.fna.fbcdn.net,AVAILABILITY,domains.list,domains.list,2026-10-03 12:09:26.060594+00:00,e9278341930935068fdb644e
instagram.fpoa10-1.fna.fbcdn.net,AVAILABILITY,domains.list,domains.list,2026-10-03 12:09:27.152278+00:00,e9278341930935068fdb644e
instagram.fpoa11-1.fna.fbcdn.net,AVAILABILITY,domains.list,domains.list,2026-10-03 12:09:28.068624+00:00,e9278341930935068fdb644e
instagram.fpra1-1.fna.fbcdn.net,AVAILABILITY,domains.list,domains.list,2026-10-03 12:09:29.182948+00:00,e9278341930935068fdb644e
instagram.fsdu10-1.fna.fbcdn.net,AVAILABILITY,domains.list,domains.list,2026-10-03 12:09:29.881803+00:00,e9278341930935068fdb644e
instagram.fsdu11-1.fna.fbcdn.net,AVAILABILITY,domains.list,domains.list,2026-10-03 12:09:30.756954+00:00,e9278341930935068fdb644e
instagram.fssa1-1.fna.fbcdn.net,AVAILABILITY,domains.list,domains.list,2026-10-03 12:09:31.792342+00:00,e9278341930935068fdb644e
instagram.fssa10-1.fna.fbcdn.net,AVAILABILITY,domains.list,domains.list,2026-10-03 12:09:32.664930+00:00,e9278341930935068fdb644e
instagram.fssa11-1.fna.fbcdn.net,AVAILABILITY,domains.list,domains.list,2026-10-03 12:09:33.526510+00:00,e9278341930935068fdb644e
instagram.fsub1-1.fna.fbcdn.net,AVAILABILITY,domains.list,domains.list,2026-10-03 12:09:35.384411+00:00,e9278341930935068fdb644e
instagram.fwaw3-1.fna.fbcdn.net,AVAILABILITY,domains.list,domains.list,2026-10-03 12:09:36.309636+00:00,e9278341930935068fdb644e
instagram.fyka1-1.fna.fbcdn.net,AVAILABILITY,domains.list,domains.list,2026-10-03 12:09:36.817985+00:00,e9278341930935068fdb644e
instagramstatic-a.akamaihd.net,AVAILABILITY,domains.list,domains.list,2026-10-03 12:09:37.093071+00:00,e9278341930935068fdb644e
instantarticles.fb.com,AVAILABILITY,domains.list,domains.list,2026-10-03 12:09:37.750107+00:00,e9278341930935068fdb644e
intern.messenger.com,AVAILABILITY,domains.list,domains.list,2026-10-03 12:09:58.061233+00:00,e9278341930935068fdb644e
interncache-cln.fbcdn.net,AVAILABILITY,domains.list,domains.list,2026-10-03 12:09:58.377805+00:00,e9278341930935068fdb644e
interncache-lla.fbcdn.net,AVAILABILITY,domains.list,domains.list,2026-10-03 12:09:58.550613+00:00,e9278341930935068fdb644e
interncache-odn.fbcdn.net,AVAILABILITY,domains.list,domains.list,2026-10-03 12:09:58.777061+00:00,e9278341930935068fdb644e
interncache-vll.fbcdn.net,AVAILABILITY,domains.list,domains.list,2026-10-03 12:09:59.006112+00:00,e9278341930935068fdb644e
investor.fb.com,AVAILABILITY,domains.list,domains.list,2026-10-03 12:09:59.500551+00:00,e9278341930935068fdb644e
inyour.messenger.com,AVAILABILITY,domains.list,domains.list,2026-10-03 12:09:59.826690+00:00,e9278341930935068fdb644e
iphone.facebook.com,AVAILABILITY,domains.list,domains.list,2026-10-03 12:10:00.417085+00:00,e9278341930935068fdb644e
isbahrain.co.m.me,AVAILABILITY,domains.list,domains.list,2026-10-03 12:11:16.801968+00:00,e9278341930935068fdb644e
isbank.co.m.me,AVAILABILITY,domains.list,domains.list,2026-10-03 12:11:17.182092+00:00,e9278341930935068fdb644e
isbanka.m.me,AVAILABILITY,domains.list,domains.list,2026-10-03 12:11:17.712554+00:00,e9278341930935068fdb644e
it-it.facebook.com,AVAILABILITY,domains.list,domains.list,2026-10-03 12:11:18.335058+00:00,e9278341930935068fdb644e
it-it.fb.me,AVAILABILITY,domains.list,domains.list,2026-10-03 12:11:18.917799+00:00,e9278341930935068fdb644e
it-it.messenger.com,AVAILABILITY,domains.list,domains.list,2026-10-03 12:11:19.337020+00:00,e9278341930935068fdb644e
it.messenger.com,AVAILABILITY,domains.list,domains.list,2026-10-03 12:11:19.798928+00:00,e9278341930935068fdb644e
ja-jp.facebook.com,AVAILABILITY,domains.list,domains.list,2026-10-03 12:11:20.202565+00:00,e9278341930935068fdb644e
ja-jp.messenger.com,AVAILABILITY,domains.list,domains.list,2026-10-03 12:11:20.646879+00:00,e9278341930935068fdb644e
ja-jp.vi-vn.fb.me,AVAILABILITY,domains.list,domains.list,2026-10-03 12:11:21.026481+00:00,e9278341930935068fdb644e
ja-ks.facebook.com,AVAILABILITY,domains.list,domains.list,2026-10-03 12:11:21.475536+00:00,e9278341930935068fdb644e
jm.m.me,AVAILABILITY,domains.list,domains.list,2026-10-03 12:11:21.893408+00:00,e9278341930935068fdb644e
ka-ge.facebook.com,AVAILABILITY,domains.list,domains.list,2026-10-03 12:11:22.451758+00:00,e9278341930935068fdb644e
kik.messenger.com,AVAILABILITY,domains.list,domains.list,2026-10-03 12:11:22.975780+00:00,e9278341930935068fdb644e
kk-kz.facebook.com,AVAILABILITY,domains.list,domains.list,2026-10-03 12:11:23.557199+00:00,e9278341930935068fdb644e
klikbca.co.m.me,AVAILABILITY,domains.list,domains.list,2026-10-03 12:11:24.279414+00:00,e9278341930935068fdb644e
kn-in.messenger.com,AVAILABILITY,domains.list,domains.list,2026-10-03 12:11:24.668864+00:00,e9278341930935068fdb644e
ko-kr.facebook.com,AVAILABILITY,domains.list,domains.list,2026-10-03 12:11:25.077689+00:00,e9278341930935068fdb644e
ko-kr.messenger.com,AVAILABILITY,domains.list,domains.list,2026-10-03 12:11:25.642030+00:00,e9278341930935068fdb644e
korea.fb.com,AVAILABILITY,domains.list,domains.list,2026-10-03 12:11:26.096659+00:00,e9278341930935068fdb644e
l.facebook.com,AVAILABILITY,domains.list,domains.list,2026-10-03 12:11:26.934321+00:00,e9278341930935068fdb644e
l.m.me,AVAILABILITY,domains.list,domains.list,2026-10-03 12:11:27.319889+00:00,e9278341930935068fdb644e
l.messenger.com,AVAILABILITY,domains.list,domains.list,2026-10-03 12:11:27.696783+00:00,e9278341930935068fdb644e
l1-dev.fb.com,AVAILABILITY,domains.list,domains.list,2026-10-03 12:11:28.222091+00:00,e9278341930935068fdb644e
l1-preprod.fb.com,AVAILABILITY,domains.list,domains.list,2026-10-03 12:11:28.563461+00:00,e9278341930935068fdb644e
latest.facebook.com,AVAILABILITY,domains.list,domains.list,2026-10-03 12:11:29.272462+00:00,e9278341930935068fdb644e
latest.messenger.com,AVAILABILITY,domains.list,domains.list,2026-10-03 12:11:29.889152+00:00,e9278341930935068fdb644e
latino.msn.messenger.com,AVAILABILITY,domains.list,domains.list,2026-10-03 12:11:30.382799+00:00,e9278341930935068fdb644e
ldnlab.fb.com,AVAILABILITY,domains.list,domains.list,2026-10-03 12:11:31.004872+00:00,e9278341930935068fdb644e
ldnlabcreators.fb.com,AVAILABILITY,domains.list,domains.list,2026-10-03 12:11:31.486972+00:00,e9278341930935068fdb644e
learn-us-dev.fb.com,AVAILABILITY,domains.list,domains.list,2026-10-03 12:11:31.837070+00:00,e9278341930935068fdb644e
learn-us-uat.fb.com,AVAILABILITY,domains.list,domains.list,2026-10-03 12:11:32.227954+00:00,e9278341930935068fdb644e
learn.fb.com,AVAILABILITY,domains.list,domains.list,2026-10-03 12:11:32.872415+00:00,e9278341930935068fdb644e
learntoprotect.fb.com,AVAILABILITY,domains.list,domains.list,2026-10-03 12:11:33.220002+00:00,e9278341930935068fdb644e
lemonstrea.m.me,AVAILABILITY,domains.list,domains.list,2026-10-03 12:11:33.702458+00:00,e9278341930935068fdb644e
lite.facebook.com,AVAILABILITY,domains.list,domains.list,2026-10-03 12:11:34.373534+00:00,e9278341930935068fdb644e
lithium.facebook.com,AVAILABILITY,domains.list,domains.list,2026-10-03 12:11:34.777594+00:00,e9278341930935068fdb644e
live.fb.com,AVAILABILITY,domains.list,domains.list,2026-10-03 12:11:35.367445+00:00,e9278341930935068fdb644e
live.messenger.com,AVAILABILITY,domains.list,domains.list,2026-10-03 12:11:35.784572+00:00,e9278341930935068fdb644e
lm.facebook.com,AVAILABILITY,domains.list,domains.list,2026-10-03 12:11:36.521178+00:00,e9278341930935068fdb644e
lm.messenger.com,AVAILABILITY,domains.list,domains.list,2026-10-03 12:11:36.877874+00:00,e9278341930935068fdb644e
ln.fb.me,AVAILABILITY,domains.list,domains.list,2026-10-03 12:11:37.273351+00:00,e9278341930935068fdb644e
login.facebook.com,AVAILABILITY,domains.list,domains.list,2026-10-03 12:11:37.628695+00:00,e9278341930935068fdb644e
login.messenger.com,AVAILABILITY,domains.list,domains.list,2026-10-03 12:11:37.981148+00:00,e9278341930935068fdb644e
lookaside.facebook.com,AVAILABILITY,domains.list,domains.list,2026-10-03 12:11:38.319797+00:00,e9278341930935068fdb644e
lookaside.fbcdn.com,AVAILABILITY,domains.list,domains.list,2026-10-03 12:11:38.769137+00:00,e9278341930935068fdb644e
lookaside.fbsbx.com,AVAILABILITY,domains.list,domains.list,2026-10-03 12:11:39.178191+00:00,e9278341930935068fdb644e
lt-lt.facebook.com,AVAILABILITY,domains.list,domains.list,2026-10-03 12:11:39.643146+00:00,e9278341930935068fdb644e
lt-lt.fb.me,AVAILABILITY,domains.list,domains.list,2026-10-03 12:11:39.996908+00:00,e9278341930935068fdb644e
lt-lt.messenger.com,AVAILABILITY,domains.list,domains.list,2026-10-03 12:11:40.381969+00:00,e9278341930935068fdb644e
m-audience.fb.com,AVAILABILITY,domains.list,domains.list,2026-10-03 12:12:00.666974+00:00,e9278341930935068fdb644e
m.ar-ar.he-il.fb.me,AVAILABILITY,domains.list,domains.list,2026-10-03 12:12:01.549001+00:00,e9278341930935068fdb644e
m.fb.me,AVAILABILITY,domains.list,domains.list,2026-10-03 12:12:02.562853+00:00,e9278341930935068fdb644e
m.m.me,AVAILABILITY,domains.list,domains.list,2026-10-03 12:12:03.354180+00:00,e9278341930935068fdb644e
m.me,AVAILABILITY,domains.list,domains.list,2026-10-03 12:12:04.021023+00:00,e9278341930935068fdb644e
m.mirror.facebook.net,AVAILABILITY,domains.list,domains.list,2026-10-03 12:12:04.710242+00:00,e9278341930935068fdb644e
mabasic.beta.facebook.net,AVAILABILITY,domains.list,domains.list,2026-10-03 12:12:05.188223+00:00,e9278341930935068fdb644e
madeby.fb.com,AVAILABILITY,domains.list,domains.list,2026-10-03 12:12:05.794626+00:00,e9278341930935068fdb644e
mail.hack.tfbnw.net,AVAILABILITY,domains.list,domains.list,2026-10-03 12:12:26.241144+00:00,e9278341930935068fdb644e
manila.messenger.com,AVAILABILITY,domains.list,domains.list,2026-10-03 12:12:26.660252+00:00,e9278341930935068fdb644e
maximiles.co.m.me,AVAILABILITY,domains.list,domains.list,2026-10-03 12:12:27.148866+00:00,e9278341930935068fdb644e
maximum.co.m.me,AVAILABILITY,domains.list,domains.list,2026-10-03 12:12:27.652913+00:00,e9278341930935068fdb644e
mbasic.facebook.com,AVAILABILITY,domains.list,domains.list,2026-10-03 12:12:28.075095+00:00,e9278341930935068fdb644e
mbasic.messenger.com,AVAILABILITY,domains.list,domains.list,2026-10-03 12:12:28.539208+00:00,e9278341930935068fdb644e
mcraffets.messenger.com,AVAILABILITY,domains.list,domains.list,2026-10-03 12:12:29.038155+00:00,e9278341930935068fdb644e
me.fb.me,AVAILABILITY,domains.list,domains.list,2026-10-03 12:12:29.773969+00:00,e9278341930935068fdb644e
messenger.com,AVAILABILITY,domains.list,domains.list,2026-10-03 12:12:30.198435+00:00,e9278341930935068fdb644e
messenger.fb.com,AVAILABILITY,domains.list,domains.list,2026-10-03 12:12:30.573399+00:00,e9278341930935068fdb644e
messengernews.fb.com,AVAILABILITY,domains.list,domains.list,2026-10-03 12:12:30.997533+00:00,e9278341930935068fdb644e
messengerplatform.fb.com,AVAILABILITY,domains.list,domains.list,2026-10-03 12:12:31.374900+00:00,e9278341930935068fdb644e
mfbcdn.net,AVAILABILITY,domains.list,domains.list,2026-10-03 12:12:31.916524+00:00,e9278341930935068fdb644e
mi.messenger.com,AVAILABILITY,domains.list,domains.list,2026-10-03 12:12:32.315367+00:00,e9278341930935068fdb644e
mikecraffets.messenger.com,AVAILABILITY,domains.list,domains.list,2026-10-03 12:12:32.821692+00:00,e9278341930935068fdb644e
mirror-ext.facebook.net,AVAILABILITY,domains.list,domains.list,2026-10-03 12:12:33.139306+00:00,e9278341930935068fdb644e
mirror.facebook.net,AVAILABILITY,domains.list,domains.list,2026-10-03 12:12:33.720012+00:00,e9278341930935068fdb644e
mms.facebook.co.id,AVAILABILITY,domains.list,domains.list,2026-10-03 12:12:34.460726+00:00,e9278341930935068fdb644e
mn.fb.me,AVAILABILITY,domains.list,domains.list,2026-10-03 12:12:35.122912+00:00,e9278341930935068fdb644e
mns.messenger.com,AVAILABILITY,domains.list,domains.list,2026-10-03 12:12:35.665395+00:00,e9278341930935068fdb644e
mo.m.me,AVAILABILITY,domains.list,domains.list,2026-10-03 12:12:36.038228+00:00,e9278341930935068fdb644e
mobile.facebook.com,AVAILABILITY,domains.list,domains.list,2026-10-03 12:12:36.432029+00:00,e9278341930935068fdb644e
mobile.messenger.com,AVAILABILITY,domains.list,domains.list,2026-10-03 12:12:36.808342+00:00,e9278341930935068fdb644e
more.fb.me,AVAILABILITY,domains.list,domains.list,2026-10-03 12:12:37.219387+00:00,e9278341930935068fdb644e
mozilla.mirror.facebook.net,AVAILABILITY,domains.list,domains.list,2026-10-03 12:12:37.636994+00:00,e9278341930935068fdb644e
mqtt-mini.facebook.com,AVAILABILITY,domains.list,domains.list,2026-10-03 12:12:57.950232+00:00,e9278341930935068fdb644e
mqtt.c10r.facebook.com,AVAILABILITY,domains.list,domains.list,2026-10-03 12:13:18.137961+00:00,e9278341930935068fdb644e
ms-my.facebook.com,AVAILABILITY,domains.list,domains.list,2026-10-03 12:13:18.606590+00:00,e9278341930935068fdb644e
msn.messenger.com,AVAILABILITY,domains.list,domains.list,2026-10-03 12:13:19.308744+00:00,e9278341930935068fdb644e
msw1ao.01.gru2.tfbnw.net,AVAILABILITY,domains.list,domains.list,2026-10-03 12:13:39.712250+00:00,e9278341930935068fdb644e
mtouch.facebook.com,AVAILABILITY,domains.list,domains.list,2026-10-03 12:13:40.169865+00:00,e9278341930935068fdb644e
mx.fb.me,AVAILABILITY,domains.list,domains.list,2026-10-03 12:13:40.725464+00:00,e9278341930935068fdb644e
mx.messenger.com,AVAILABILITY,domains.list,domains.list,2026-10-03 12:13:41.171265+00:00,e9278341930935068fdb644e
myspace.messenger.com,AVAILABILITY,domains.list,domains.list,2026-10-03 12:13:41.556942+00:00,e9278341930935068fdb644e
mysql.mirror.facebook.net,AVAILABILITY,domains.list,domains.list,2026-10-03 12:13:41.856575+00:00,e9278341930935068fdb644e
nb-no.facebook.com,AVAILABILITY,domains.list,domains.list,2026-10-03 12:13:42.348502+00:00,e9278341930935068fdb644e
nb-no.messenger.com,AVAILABILITY,domains.list,domains.list,2026-10-03 12:13:42.721191+00:00,e9278341930935068fdb644e
ne-np.facebook.com,AVAILABILITY,domains.list,domains.list,2026-10-03 12:13:43.270617+00:00,e9278341930935068fdb644e
newsroom.fb.com,AVAILABILITY,domains.list,domains.list,2026-10-03 12:13:44.152181+00:00,e9278341930935068fdb644e
nghub.fb.com,AVAILABILITY,domains.list,domains.list,2026-10-03 12:13:44.666705+00:00,e9278341930935068fdb644e
nl-be.facebook.com,AVAILABILITY,domains.list,domains.list,2026-10-03 12:13:45.339635+00:00,e9278341930935068fdb644e
nl-be.messenger.com,AVAILABILITY,domains.list,domains.list,2026-10-03 12:13:45.729222+00:00,e9278341930935068fdb644e
nl-nl.facebook.com,AVAILABILITY,domains.list,domains.list,2026-10-03 12:13:46.129949+00:00,e9278341930935068fdb644e
nl-nl.fb.me,AVAILABILITY,domains.list,domains.list,2026-10-03 12:13:46.634858+00:00,e9278341930935068fdb644e
nl-nl.messenger.com,AVAILABILITY,domains.list,domains.list,2026-10-03 12:13:47.096925+00:00,e9278341930935068fdb644e
nutrifood.facebook.com,AVAILABILITY,domains.list,domains.list,2026-10-03 12:13:47.567533+00:00,e9278341930935068fdb644e
o.fb.me,AVAILABILITY,domains.list,domains.list,2026-10-03 12:13:48.182646+00:00,e9278341930935068fdb644e
o.n.fb.me,AVAILABILITY,domains.list,domains.list,2026-10-03 12:13:48.698849+00:00,e9278341930935068fdb644e
ob.fb.me,AVAILABILITY,domains.list,domains.list,2026-10-03 12:13:49.180571+00:00,e9278341930935068fdb644e
of.fb.me,AVAILABILITY,domains.list,domains.list,2026-10-03 12:13:49.643094+00:00,e9278341930935068fdb644e
oh.fb.me,AVAILABILITY,domains.list,domains.list,2026-10-03 12:13:50.093724+00:00,e9278341930935068fdb644e
ol.fb.me,AVAILABILITY,domains.list,domains.list,2026-10-03 12:13:50.583070+00:00,e9278341930935068fdb644e
om.fb.me,AVAILABILITY,domains.list,domains.list,2026-10-03 12:13:51.136584+00:00,e9278341930935068fdb644e
on.fb.me,AVAILABILITY,domains.list,domains.list,2026-10-03 12:13:52.207506+00:00,e9278341930935068fdb644e
oo.fb.me,AVAILABILITY,domains.list,domains.list,2026-10-03 12:13:52.597434+00:00,e9278341930935068fdb644e
oob-vpn-sjc.tfbnw.net,AVAILABILITY,domains.list,domains.list,2026-10-03 12:14:12.786748+00:00,e9278341930935068fdb644e
oob1-vpn-sjc.tfbnw.net,AVAILABILITY,domains.list,domains.list,2026-10-03 12:14:32.991837+00:00,e9278341930935068fdb644e
oob2-vpn-iad.tfbnw.net,AVAILABILITY,domains.list,domains.list,2026-10-03 12:14:53.186243+00:00,e9278341930935068fdb644e
oob2-vpn-sjc.tfbnw.net,AVAILABILITY,domains.list,domains.list,2026-10-03 12:15:13.429232+00:00,e9278341930935068fdb644e
opensource.fb.com,AVAILABILITY,domains.list,domains.list,2026-10-03 12:15:13.986359+00:00,e9278341930935068fdb644e
or.fb.me,AVAILABILITY,domains.list,domains.list,2026-10-03 12:15:14.564306+00:00,e9278341930935068fdb644e
origincache-cln.fbsbx.com,AVAILABILITY,domains.list,domains.list,2026-10-03 12:15:15.160451+00:00,e9278341930935068fdb644e
origincache-frc.fbsbx.com,AVAILABILITY,domains.list,domains.list,2026-10-03 12:15:15.535163+00:00,e9278341930935068fdb644e
p.facebook.com,AVAILABILITY,domains.list,domains.list,2026-10-03 12:15:16.367562+00:00,e9278341930935068fdb644e
pa-in.facebook.com,AVAILABILITY,domains.list,domains.list,2026-10-03 12:15:16.797436+00:00,e9278341930935068fdb644e
paltalk.messenger.com,AVAILABILITY,domains.list,domains.list,2026-10-03 12:15:17.196842+00:00,e9278341930935068fdb644e
pdlvimeocdn-a.akamaihd.net,AVAILABILITY,domains.list,domains.list,2026-10-03 12:15:17.664432+00:00,e9278341930935068fdb644e
phabricator.fb.com,AVAILABILITY,domains.list,domains.list,2026-10-03 12:15:18.704572+00:00,e9278341930935068fdb644e
philippines.fb.com,AVAILABILITY,domains.list,domains.list,2026-10-03 12:15:19.032318+00:00,e9278341930935068fdb644e
php.mirror.facebook.net,AVAILABILITY,domains.list,domains.list,2026-10-03 12:15:20.358355+00:00,e9278341930935068fdb644e
pics.m.me,AVAILABILITY,domains.list,domains.list,2026-10-03 12:15:20.964386+00:00,e9278341930935068fdb644e
pilipinas.fb.com,AVAILABILITY,domains.list,domains.list,2026-10-03 12:15:21.389138+00:00,e9278341930935068fdb644e
pixel.facebook.com,AVAILABILITY,domains.list,domains.list,2026-10-03 12:15:22.010318+00:00,e9278341930935068fdb644e
pixel.messenger.com,AVAILABILITY,domains.list,domains.list,2026-10-03 12:15:22.615475+00:00,e9278341930935068fdb644e
pl-pl.facebook.com,AVAILABILITY,domains.list,domains.list,2026-10-03 12:15:23.004851+00:00,e9278341930935068fdb644e
pl-pl.messenger.com,AVAILABILITY,domains.list,domains.list,2026-10-03 12:15:23.447854+00:00,e9278341930935068fdb644e
pl-pl.vi-vn.fb.me,AVAILABILITY,domains.list,domains.list,2026-10-03 12:15:23.883618+00:00,e9278341930935068fdb644e
platform-lookaside.fbsbx.com,AVAILABILITY,domains.list,domains.list,2026-10-03 12:15:24.306052+00:00,e9278341930935068fdb644e
pmp.fb.com,AVAILABILITY,domains.list,domains.list,2026-10-03 12:15:24.996441+00:00,e9278341930935068fdb644e
pn.fb.me,AVAILABILITY,domains.list,domains.list,2026-10-03 12:15:25.492285+00:00,e9278341930935068fdb644e
poland.fb.com,AVAILABILITY,domains.list,domains.list,2026-10-03 12:15:26.430458+00:00,e9278341930935068fdb644e
pop.fb.me,AVAILABILITY,domains.list,domains.list,2026-10-03 12:15:26.853791+00:00,e9278341930935068fdb644e
pop.messenger.com,AVAILABILITY,domains.list,domains.list,2026-10-03 12:15:27.357556+00:00,e9278341930935068fdb644e
pop.pop.messenger.com,AVAILABILITY,domains.list,domains.list,2026-10-03 12:15:27.876760+00:00,e9278341930935068fdb644e
pop3.messenger.com,AVAILABILITY,domains.list,domains.list,2026-10-03 12:15:28.278985+00:00,e9278341930935068fdb644e
portal.fb.com,AVAILABILITY,domains.list,domains.list,2026-10-03 12:15:28.623116+00:00,e9278341930935068fdb644e
postmaster.facebook.com,AVAILABILITY,domains.list,domains.list,2026-10-03 12:15:29.261059+00:00,e9278341930935068fdb644e
postmaster.fb.me,AVAILABILITY,domains.list,domains.list,2026-10-03 12:15:29.645553+00:00,e9278341930935068fdb644e
pptp.messenger.com,AVAILABILITY,domains.list,domains.list,2026-10-03 12:15:30.013197+00:00,e9278341930935068fdb644e
presence.facebook.net,AVAILABILITY,domains.list,domains.list,2026-10-03 12:15:50.471240+00:00,e9278341930935068fdb644e
prn-appstoretest.fb.com,AVAILABILITY,domains.list,domains.list,2026-10-03 12:16:10.721281+00:00,e9278341930935068fdb644e
prn-fsoutpost.fb.com,AVAILABILITY,domains.list,domains.list,2026-10-03 12:16:30.938673+00:00,e9278341930935068fdb644e
prn-vsptest.fb.com,AVAILABILITY,domains.list,domains.list,2026-10-03 12:16:51.423980+00:00,e9278341930935068fdb644e
prod.messenger.com,AVAILABILITY,domains.list,domains.list,2026-10-03 12:16:52.077100+00:00,e9278341930935068fdb644e
prodigy.messenger.com,AVAILABILITY,domains.list,domains.list,2026-10-03 12:16:52.448768+00:00,e9278341930935068fdb644e
proxy.fb.me,AVAILABILITY,domains.list,domains.list,2026-10-03 12:16:54.712193+00:00,e9278341930935068fdb644e
prudential.messenger.com,AVAILABILITY,domains.list,domains.list,2026-10-03 12:16:55.160266+00:00,e9278341930935068fdb644e
przestrzen.fb.com,AVAILABILITY,domains.list,domains.list,2026-10-03 12:16:55.504815+00:00,e9278341930935068fdb644e
pt-br.facebook.com,AVAILABILITY,domains.list,domains.list,2026-10-03 12:16:56.028755+00:00,e9278341930935068fdb644e
pt-br.fb.me,AVAILABILITY,domains.list,domains.list,2026-10-03 12:16:56.395897+00:00,e9278341930935068fdb644e
pt-br.messenger.com,AVAILABILITY,domains.list,domains.list,2026-10-03 12:16:56.769942+00:00,e9278341930935068fdb644e
pt-pt.facebook.com,AVAILABILITY,domains.list,domains.list,2026-10-03 12:16:57.142563+00:00,e9278341930935068fdb644e
pt-pt.messenger.com,AVAILABILITY,domains.list,domains.list,2026-10-03 12:16:57.509223+00:00,e9278341930935068fdb644e
ra.fb.com,AVAILABILITY,domains.list,domains.list,2026-10-03 12:17:17.976298+00:00,e9278341930935068fdb644e
ralab.fb.com,AVAILABILITY,domains.list,domains.list,2026-10-03 12:17:38.204326+00:00,e9278341930935068fdb644e
reports.fb.com,AVAILABILITY,domains.list,domains.list,2026-10-03 12:17:38.921953+00:00,e9278341930935068fdb644e
research.facebook.com,AVAILABILITY,domains.list,domains.list,2026-10-03 12:17:39.302442+00:00,e9278341930935068fdb644e
research.fb.com,AVAILABILITY,domains.list,domains.list,2026-10-03 12:17:39.824112+00:00,e9278341930935068fdb644e
review.fb.com,AVAILABILITY,domains.list,domains.list,2026-10-03 12:18:00.148318+00:00,e9278341930935068fdb644e
rightsmanager.fb.com,AVAILABILITY,domains.list,domains.list,2026-10-03 12:18:00.932244+00:00,e9278341930935068fdb644e
ro-ro.facebook.com,AVAILABILITY,domains.list,domains.list,2026-10-03 12:18:01.581824+00:00,e9278341930935068fdb644e
ro-ro.messenger.com,AVAILABILITY,domains.list,domains.list,2026-10-03 12:18:02.019166+00:00,e9278341930935068fdb644e
ru-ru.facebook.com,AVAILABILITY,domains.list,domains.list,2026-10-03 12:18:02.451697+00:00,e9278341930935068fdb644e
ru-ru.messenger.com,AVAILABILITY,domains.list,domains.list,2026-10-03 12:18:02.852400+00:00,e9278341930935068fdb644e
ru-ru.vi-vn.fb.me,AVAILABILITY,domains.list,domains.list,2026-10-03 12:18:03.266877+00:00,e9278341930935068fdb644e
ru.messenger.com,AVAILABILITY,domains.list,domains.list,2026-10-03 12:18:03.897053+00:00,e9278341930935068fdb644e
rupload.facebook.com,AVAILABILITY,domains.list,domains.list,2026-10-03 12:18:04.254752+00:00,e9278341930935068fdb644e
s.fb.com,AVAILABILITY,domains.list,domains.list,2026-10-03 12:18:05.051623+00:00,e9278341930935068fdb644e
s.update.fbsbx.com,AVAILABILITY,domains.list,domains.list,2026-10-03 12:18:05.620545+00:00,e9278341930935068fdb644e
scontent-a-ams.xx.fbcdn.net,AVAILABILITY,domains.list,domains.list,2026-10-03 12:18:06.471071+00:00,e9278341930935068fdb644e
scontent-a-atl.xx.fbcdn.net,AVAILABILITY,domains.list,domains.list,2026-10-03 12:18:06.923925+00:00,e9278341930935068fdb644e
scontent-a-cdg.xx.fbcdn.net,AVAILABILITY,domains.list,domains.list,2026-10-03 12:18:07.965247+00:00,e9278341930935068fdb644e
scontent-a-dfw.xx.fbcdn.net,AVAILABILITY,domains.list,domains.list,2026-10-03 12:18:08.315788+00:00,e9278341930935068fdb644e
scontent-a-fra.xx.fbcdn.net,AVAILABILITY,domains.list,domains.list,2026-10-03 12:18:09.340265+00:00,e9278341930935068fdb644e
scontent-a-gru.xx.fbcdn.net,AVAILABILITY,domains.list,domains.list,2026-10-03 12:18:10.458076+00:00,e9278341930935068fdb644e
scontent-a-iad.xx.fbcdn.net,AVAILABILITY,domains.list,domains.list,2026-10-03 12:18:11.001863+00:00,e9278341930935068fdb644e
scontent-a-lax.xx.fbcdn.net,AVAILABILITY,domains.list,domains.list,2026-10-03 12:18:11.291017+00:00,e9278341930935068fdb644e
scontent-a-lga.xx.fbcdn.net,AVAILABILITY,domains.list,domains.list,2026-10-03 12:18:11.895482+00:00,e9278341930935068fdb644e
scontent-a-lhr.xx.fbcdn.net,AVAILABILITY,domains.list,domains.list,2026-10-03 12:18:12.836224+00:00,e9278341930935068fdb644e
scontent-a-mad.xx.fbcdn.net,AVAILABILITY,domains.list,domains.list,2026-10-03 12:18:13.989791+00:00,e9278341930935068fdb644e
scontent-a-mia.xx.fbcdn.net,AVAILABILITY,domains.list,domains.list,2026-10-03 12:18:14.590662+00:00,e9278341930935068fdb644e
scontent-a-mxp.xx.fbcdn.net,AVAILABILITY,domains.list,domains.list,2026-10-03 12:18:15.617292+00:00,e9278341930935068fdb644e
scontent-a-ord.xx.fbcdn.net,AVAILABILITY,domains.list,domains.list,2026-10-03 12:18:16.130015+00:00,e9278341930935068fdb644e
scontent-a-sea.xx.fbcdn.net,AVAILABILITY,domains.list,domains.list,2026-10-03 12:18:16.694621+00:00,e9278341930935068fdb644e
scontent-a-sin.xx.fbcdn.net,AVAILABILITY,domains.list,domains.list,2026-10-03 12:18:17.849075+00:00,e9278341930935068fdb644e
scontent-a-sjc.xx.fbcdn.net,AVAILABILITY,domains.list,domains.list,2026-10-03 12:18:18.139378+00:00,e9278341930935068fdb644e
scontent-a-vie.xx.fbcdn.net,AVAILABILITY,domains.list,domains.list,2026-10-03 12:18:19.209659+00:00,e9278341930935068fdb644e
scontent-a.xx.fbcdn.net,AVAILABILITY,domains.list,domains.list,2026-10-03 12:18:19.667667+00:00,e9278341930935068fdb644e
scontent-ams.xx.fbcdn.net,AVAILABILITY,domains.list,domains.list,2026-10-03 12:18:20.568779+00:00,e9278341930935068fdb644e
scontent-arn2-1.xx.fbcdn.net,AVAILABILITY,domains.list,domains.list,2026-10-03 12:18:21.627986+00:00,e9278341930935068fdb644e
scontent-atl.xx.fbcdn.net,AVAILABILITY,domains.list,domains.list,2026-10-03 12:18:22.059335+00:00,e9278341930935068fdb644e
scontent-b-ams.xx.fbcdn.net,AVAILABILITY,domains.list,domains.list,2026-10-03 12:18:22.994312+00:00,e9278341930935068fdb644e
scontent-b-atl.xx.fbcdn.net,AVAILABILITY,domains.list,domains.list,2026-10-03 12:18:23.510074+00:00,e9278341930935068fdb644e
scontent-b-cdg.xx.fbcdn.net,AVAILABILITY,domains.list,domains.list,2026-10-03 12:18:24.466159+00:00,e9278341930935068fdb644e
scontent-b-dfw.xx.fbcdn.net,AVAILABILITY,domains.list,domains.list,2026-10-03 12:18:24.889487+00:00,e9278341930935068fdb644e
scontent-b-fra.xx.fbcdn.net,AVAILABILITY,domains.list,domains.list,2026-10-03 12:18:25.847734+00:00,e9278341930935068fdb644e
scontent-b-gru.xx.fbcdn.net,AVAILABILITY,domains.list,domains.list,2026-10-03 12:18:26.816477+00:00,e9278341930935068fdb644e
scontent-b-hkg.xx.fbcdn.net,AVAILABILITY,domains.list,domains.list,2026-10-03 12:18:27.884040+00:00,e9278341930935068fdb644e
scontent-b-lax.xx.fbcdn.net,AVAILABILITY,domains.list,domains.list,2026-10-03 12:18:28.283902+00:00,e9278341930935068fdb644e
scontent-b-lga.xx.fbcdn.net,AVAILABILITY,domains.list,domains.list,2026-10-03 12:18:28.784973+00:00,e9278341930935068fdb644e
scontent-b-lhr.xx.fbcdn.net,AVAILABILITY,domains.list,domains.list,2026-10-03 12:18:29.656809+00:00,e9278341930935068fdb644e
scontent-b-mad.xx.fbcdn.net,AVAILABILITY,domains.list,domains.list,2026-10-03 12:18:30.723022+00:00,e9278341930935068fdb644e
scontent-b-mia.xx.fbcdn.net,AVAILABILITY,domains.list,domains.list,2026-10-03 12:18:31.278881+00:00,e9278341930935068fdb644e
scontent-b-mxp.xx.fbcdn.net,AVAILABILITY,domains.list,domains.list,2026-10-03 12:18:32.312665+00:00,e9278341930935068fdb644e
scontent-b-ord.xx.fbcdn.net,AVAILABILITY,domains.list,domains.list,2026-10-03 12:18:32.804425+00:00,e9278341930935068fdb644e
scontent-b-sea.xx.fbcdn.net,AVAILABILITY,domains.list,domains.list,2026-10-03 12:18:33.280343+00:00,e9278341930935068fdb644e
scontent-b-sin.xx.fbcdn.net,AVAILABILITY,domains.list,domains.list,2026-10-03 12:18:34.581698+00:00,e9278341930935068fdb644e
scontent-b-sjc.xx.fbcdn.net,AVAILABILITY,domains.list,domains.list,2026-10-03 12:18:34.913922+00:00,e9278341930935068fdb644e
scontent-b-vie.xx.fbcdn.net,AVAILABILITY,domains.list,domains.list,2026-10-03 12:18:36.015429+00:00,e9278341930935068fdb644e
scontent-b.xx.fbcdn.net,AVAILABILITY,domains.list,domains.list,2026-10-03 12:18:36.430726+00:00,e9278341930935068fdb644e
scontent-cdg.xx.fbcdn.net,AVAILABILITY,domains.list,domains.list,2026-10-03 12:18:37.624309+00:00,e9278341930935068fdb644e
scontent-dfw.xx.fbcdn.net,AVAILABILITY,domains.list,domains.list,2026-10-03 12:18:38.337192+00:00,e9278341930935068fdb644e
scontent-dfw5-1.xx.fbcdn.net,AVAILABILITY,domains.list,domains.list,2026-10-03 12:18:38.811667+00:00,e9278341930935068fdb644e
scontent-fra.xx.fbcdn.net,AVAILABILITY,domains.list,domains.list,2026-10-03 12:18:39.694469+00:00,e9278341930935068fdb644e
scontent-gru.xx.fbcdn.net,AVAILABILITY,domains.list,domains.list,2026-10-03 12:18:41.113702+00:00,e9278341930935068fdb644e
scontent-iad3-1.xx.fbcdn.net,AVAILABILITY,domains.list,domains.list,2026-10-03 12:18:41.781932+00:00,e9278341930935068fdb644e
scontent-lax.xx.fbcdn.net,AVAILABILITY,domains.list,domains.list,2026-10-03 12:18:42.247802+00:00,e9278341930935068fdb644e
scontent-lax3-1.xx.fbcdn.net,AVAILABILITY,domains.list,domains.list,2026-10-03 12:18:42.548939+00:00,e9278341930935068fdb644e
scontent-lax3-2.xx.fbcdn.net,AVAILABILITY,domains.list,domains.list,2026-10-03 12:18:42.858102+00:00,e9278341930935068fdb644e
scontent-lga.xx.fbcdn.net,AVAILABILITY,domains.list,domains.list,2026-10-03 12:18:43.438568+00:00,e9278341930935068fdb644e
scontent-lga3-1.xx.fbcdn.net,AVAILABILITY,domains.list,domains.list,2026-10-03 12:18:43.893584+00:00,e9278341930935068fdb644e
scontent-lga3-2.xx.fbcdn.net,AVAILABILITY,domains.list,domains.list,2026-10-03 12:18:44.370094+00:00,e9278341930935068fdb644e
scontent-lhr.xx.fbcdn.net,AVAILABILITY,domains.list,domains.list,2026-10-03 12:18:45.379397+00:00,e9278341930935068fdb644e
scontent-mia.xx.fbcdn.net,AVAILABILITY,domains.list,domains.list,2026-10-03 12:18:46.097759+00:00,e9278341930935068fdb644e
scontent-mxp.xx.fbcdn.net,AVAILABILITY,domains.list,domains.list,2026-10-03 12:18:47.087554+00:00,e9278341930935068fdb644e
scontent-nrt1-1.xx.fbcdn.net,AVAILABILITY,domains.list,domains.list,2026-10-03 12:18:47.867244+00:00,e9278341930935068fdb644e
scontent-ord.xx.fbcdn.net,AVAILABILITY,domains.list,domains.list,2026-10-03 12:18:48.343534+00:00,e9278341930935068fdb644e
scontent-otp1-1.xx.fbcdn.net,AVAILABILITY,domains.list,domains.list,2026-10-03 12:18:49.496141+00:00,e9278341930935068fdb644e
scontent-sea.xx.fbcdn.net,AVAILABILITY,domains.list,domains.list,2026-10-03 12:18:49.924080+00:00,e9278341930935068fdb644e
scontent-sin.xx.fbcdn.net,AVAILABILITY,domains.list,domains.list,2026-10-03 12:18:51.199635+00:00,e9278341930935068fdb644e
scontent-sjc.xx.fbcdn.net,AVAILABILITY,domains.list,domains.list,2026-10-03 12:18:51.612828+00:00,e9278341930935068fdb644e
scontent-sof1-1.xx.fbcdn.net,AVAILABILITY,domains.list,domains.list,2026-10-03 12:18:52.975690+00:00,e9278341930935068fdb644e
scontent-tpe1-1.xx.fbcdn.net,AVAILABILITY,domains.list,domains.list,2026-10-03 12:18:53.944728+00:00,e9278341930935068fdb644e
scontent-vie.xx.fbcdn.net,AVAILABILITY,domains.list,domains.list,2026-10-03 12:18:54.982492+00:00,e9278341930935068fdb644e
scontent-vie1-1.xx.fbcdn.net,AVAILABILITY,domains.list,domains.list,2026-10-03 12:18:55.876708+00:00,e9278341930935068fdb644e
scontent.facc1-1.fna.fbcdn.net,AVAILABILITY,domains.list,domains.list,2026-10-03 12:18:57.529455+00:00,e9278341930935068fdb644e
scontent.fhkg10-1.fna.fbcdn.net,AVAILABILITY,domains.list,domains.list,2026-10-03 12:18:58.950245+00:00,e9278341930935068fdb644e
scontent.fhkg2-1.fna.fbcdn.net,AVAILABILITY,domains.list,domains.list,2026-10-03 12:18:59.944567+00:00,e9278341930935068fdb644e
scontent.fhkg4-2.fna.fbcdn.net,AVAILABILITY,domains.list,domains.list,2026-10-03 12:19:01.038038+00:00,e9278341930935068fdb644e
scontent.fiev10-1.fna.fbcdn.net,AVAILABILITY,domains.list,domains.list,2026-10-03 12:19:02.366856+00:00,e9278341930935068fdb644e
scontent.fiev6-1.fna.fbcdn.net,AVAILABILITY,domains.list,domains.list,2026-10-03 12:19:03.614158+00:00,e9278341930935068fdb644e
scontent.fkul8-1.fna.fbcdn.net,AVAILABILITY,domains.list,domains.list,2026-10-03 12:19:05.214950+00:00,e9278341930935068fdb644e
scontent.flim1-2.fna.fbcdn.net,AVAILABILITY,domains.list,domains.list,2026-10-03 12:19:06.124184+00:00,e9278341930935068fdb644e
scontent.flim10-1.fna.fbcdn.net,AVAILABILITY,domains.list,domains.list,2026-10-03 12:19:07.143784+00:00,e9278341930935068fdb644e
scontent.flpb1-1.fna.fbcdn.net,AVAILABILITY,domains.list,domains.list,2026-10-03 12:19:08.364641+00:00,e9278341930935068fdb644e
scontent.flwo1-1.fna.fbcdn.net,AVAILABILITY,domains.list,domains.list,2026-10-03 12:19:09.685761+00:00,e9278341930935068fdb644e
scontent.fmaa1-1.fna.fbcdn.net,AVAILABILITY,domains.list,domains.list,2026-10-03 12:19:11.222873+00:00,e9278341930935068fdb644e
scontent.fmdc1-1.fna.fbcdn.net,AVAILABILITY,domains.list,domains.list,2026-10-03 12:19:22.636159+00:00,e9278341930935068fdb644e
scontent.fmea1-1.fna.fbcdn.net,AVAILABILITY,domains.list,domains.list,2026-10-03 12:19:23.624488+00:00,e9278341930935068fdb644e
scontent.fmex10-1.fna.fbcdn.net,AVAILABILITY,domains.list,domains.list,2026-10-03 12:19:24.040287+00:00,e9278341930935068fdb644e
scontent.fmex11-1.fna.fbcdn.net,AVAILABILITY,domains.list,domains.list,2026-10-03 12:19:24.521693+00:00,e9278341930935068fdb644e
scontent.fmex5-1.fna.fbcdn.net,AVAILABILITY,domains.list,domains.list,2026-10-03 12:19:24.972727+00:00,e9278341930935068fdb644e
scontent.fpoa1-1.fna.fbcdn.net,AVAILABILITY,domains.list,domains.list,2026-10-03 12:19:26.662497+00:00,e9278341930935068fdb644e
scontent.fpoa10-1.fna.fbcdn.net,AVAILABILITY,domains.list,domains.list,2026-10-03 12:19:27.736485+00:00,e9278341930935068fdb644e
scontent.fpoa11-1.fna.fbcdn.net,AVAILABILITY,domains.list,domains.list,2026-10-03 12:19:29.063467+00:00,e9278341930935068fdb644e
scontent.fpra1-1.fna.fbcdn.net,AVAILABILITY,domains.list,domains.list,2026-10-03 12:19:30.304564+00:00,e9278341930935068fdb644e
scontent.fqpa1-1.fna.fbcdn.net,AVAILABILITY,domains.list,domains.list,2026-10-03 12:19:31.360963+00:00,e9278341930935068fdb644e
scontent.fsdu10-1.fna.fbcdn.net,AVAILABILITY,domains.list,domains.list,2026-10-03 12:19:32.288494+00:00,e9278341930935068fdb644e
scontent.fsdu11-1.fna.fbcdn.net,AVAILABILITY,domains.list,domains.list,2026-10-03 12:19:33.262557+00:00,e9278341930935068fdb644e
scontent.fssa1-1.fna.fbcdn.net,AVAILABILITY,domains.list,domains.list,2026-10-03 12:19:34.423304+00:00,e9278341930935068fdb644e
scontent.fssa10-1.fna.fbcdn.net,AVAILABILITY,domains.list,domains.list,2026-10-03 12:19:35.526386+00:00,e9278341930935068fdb644e
scontent.fssa11-1.fna.fbcdn.net,AVAILABILITY,domains.list,domains.list,2026-10-03 12:19:36.733102+00:00,e9278341930935068fdb644e
scontent.fsub1-1.fna.fbcdn.net,AVAILABILITY,domains.list,domains.list,2026-10-03 12:19:38.046793+00:00,e9278341930935068fdb644e
scontent.ftlm1-1.fna.fbcdn.net,AVAILABILITY,domains.list,domains.list,2026-10-03 12:19:39.171891+00:00,e9278341930935068fdb644e
scontent.ftlm1-2.fna.fbcdn.net,AVAILABILITY,domains.list,domains.list,2026-10-03 12:19:40.409812+00:00,e9278341930935068fdb644e
scontent.fwbw1-1.fna.fbcdn.net,AVAILABILITY,domains.list,domains.list,2026-10-03 12:19:41.025920+00:00,e9278341930935068fdb644e
scontent.xx.fbcdn.net,AVAILABILITY,domains.list,domains.list,2026-10-03 12:19:41.634530+00:00,e9278341930935068fdb644e
secure.facebook.com,AVAILABILITY,domains.list,domains.list,2026-10-03 12:19:42.288660+00:00,e9278341930935068fdb644e
seformer.fb.com,AVAILABILITY,domains.list,domains.list,2026-10-03 12:19:42.920305+00:00,e9278341930935068fdb644e
sheleadstechin.fb.com,AVAILABILITY,domains.list,domains.list,2026-10-03 12:19:43.544733+00:00,e9278341930935068fdb644e
silfra.facebook.net,AVAILABILITY,domains.list,domains.list,2026-10-03 12:20:04.116686+00:00,e9278341930935068fdb644e
sk-sk.facebook.com,AVAILABILITY,domains.list,domains.list,2026-10-03 12:20:04.574603+00:00,e9278341930935068fdb644e
sk-sk.messenger.com,AVAILABILITY,domains.list,domains.list,2026-10-03 12:20:05.028118+00:00,e9278341930935068fdb644e
sl-si.facebook.com,AVAILABILITY,domains.list,domains.list,2026-10-03 12:20:05.477980+00:00,e9278341930935068fdb644e
sl-si.messenger.com,AVAILABILITY,domains.list,domains.list,2026-10-03 12:20:05.868825+00:00,e9278341930935068fdb644e
smtp.messenger.com,AVAILABILITY,domains.list,domains.list,2026-10-03 12:20:06.233937+00:00,e9278341930935068fdb644e
snaptu-mini.facebook.com,AVAILABILITY,domains.list,domains.list,2026-10-03 12:20:26.597362+00:00,e9278341930935068fdb644e
snaptu-p2.facebook.com,AVAILABILITY,domains.list,domains.list,2026-10-03 12:20:47.304622+00:00,e9278341930935068fdb644e
snaptu-z.facebook.com,AVAILABILITY,domains.list,domains.list,2026-10-03 12:21:07.531395+00:00,e9278341930935068fdb644e
socialgood.fb.com,AVAILABILITY,domains.list,domains.list,2026-10-03 12:21:07.926708+00:00,e9278341930935068fdb644e
sonar-iad.xx.fbcdn.net,AVAILABILITY,domains.list,domains.list,2026-10-03 12:21:08.656031+00:00,e9278341930935068fdb644e
sonar.fbsb1-1.fna.fbcdn.net,AVAILABILITY,domains.list,domains.list,2026-10-03 12:21:09.747451+00:00,e9278341930935068fdb644e
sonar.fgua1-1.fna.fbcdn.net,AVAILABILITY,domains.list,domains.list,2026-10-03 12:21:10.629411+00:00,e9278341930935068fdb644e
sonar.fmaa1-1.fna.fbcdn.net,AVAILABILITY,domains.list,domains.list,2026-10-03 12:21:12.303600+00:00,e9278341930935068fdb644e
sonar.ftpa1-1.fna.fbcdn.net,AVAILABILITY,domains.list,domains.list,2026-10-03 12:21:12.523022+00:00,e9278341930935068fdb644e
soydigital.fb.com,AVAILABILITY,domains.list,domains.list,2026-10-03 12:21:13.224034+00:00,e9278341930935068fdb644e
sprint.messenger.com,AVAILABILITY,domains.list,domains.list,2026-10-03 12:21:17.341589+00:00,e9278341930935068fdb644e
sq-al.messenger.com,AVAILABILITY,domains.list,domains.list,2026-10-03 12:21:17.869153+00:00,e9278341930935068fdb644e
sr-rs.facebook.com,AVAILABILITY,domains.list,domains.list,2026-10-03 12:21:18.366388+00:00,e9278341930935068fdb644e
sr-rs.messenger.com,AVAILABILITY,domains.list,domains.list,2026-10-03 12:21:18.974725+00:00,e9278341930935068fdb644e
sr-rs.on.fb.me,AVAILABILITY,domains.list,domains.list,2026-10-03 12:21:19.775378+00:00,e9278341930935068fdb644e
star-mini.c10r.facebook.com,AVAILABILITY,domains.list,domains.list,2026-10-03 12:21:20.049605+00:00,e9278341930935068fdb644e
star.c10r.facebook.com,AVAILABILITY,domains.list,domains.list,2026-10-03 12:21:20.327593+00:00,e9278341930935068fdb644e
star.facebook.com,AVAILABILITY,domains.list,domains.list,2026-10-03 12:21:20.684504+00:00,e9278341930935068fdb644e
static-lga3-2.xx.fbcdn.net,AVAILABILITY,domains.list,domains.list,2026-10-03 12:21:21.459843+00:00,e9278341930935068fdb644e
static.facebook.com,AVAILABILITY,domains.list,domains.list,2026-10-03 12:21:22.031071+00:00,e9278341930935068fdb644e
static.fdel11-1.fna.fbcdn.net,AVAILABILITY,domains.list,domains.list,2026-10-03 12:21:23.791685+00:00,e9278341930935068fdb644e
static.ftlm1-1.fna.fbcdn.net,AVAILABILITY,domains.list,domains.list,2026-10-03 12:21:25.106017+00:00,e9278341930935068fdb644e
static.mfbcdn.net,AVAILABILITY,domains.list,domains.list,2026-10-03 12:21:25.600777+00:00,e9278341930935068fdb644e
static.xx.fbcdn.net,AVAILABILITY,domains.list,domains.list,2026-10-03 12:21:26.189943+00:00,e9278341930935068fdb644e
static1.mfbcdn.net,AVAILABILITY,domains.list,domains.list,2026-10-03 12:21:26.560118+00:00,e9278341930935068fdb644e
static2.mfbcdn.net,AVAILABILITY,domains.list,domains.list,2026-10-03 12:21:26.950261+00:00,e9278341930935068fdb644e
static3.mfbcdn.net,AVAILABILITY,domains.list,domains.list,2026-10-03 12:21:27.436040+00:00,e9278341930935068fdb644e
static4.mfbcdn.net,AVAILABILITY,domains.list,domains.list,2026-10-03 12:21:27.927286+00:00,e9278341930935068fdb644e
staticxx.facebook.com,AVAILABILITY,domains.list,domains.list,2026-10-03 12:21:28.270965+00:00,e9278341930935068fdb644e
status.fb.com,AVAILABILITY,domains.list,domains.list,2026-10-03 12:21:28.952500+00:00,e9278341930935068fdb644e
stun.fbsbx.com,AVAILABILITY,domains.list,domains.list,2026-10-03 12:21:49.289097+00:00,e9278341930935068fdb644e
sundance.fb.com,AVAILABILITY,domains.list,domains.list,2026-10-03 12:22:09.509701+00:00,e9278341930935068fdb644e
sustainability.fb.com,AVAILABILITY,domains.list,domains.list,2026-10-03 12:22:10.375308+00:00,e9278341930935068fdb644e
sv-se.ar-ar.fb.me,AVAILABILITY,domains.list,domains.list,2026-10-03 12:22:11.043744+00:00,e9278341930935068fdb644e
sv-se.facebook.com,AVAILABILITY,domains.list,domains.list,2026-10-03 12:22:11.507199+00:00,e9278341930935068fdb644e
sv-se.messenger.com,AVAILABILITY,domains.list,domains.list,2026-10-03 12:22:11.943327+00:00,e9278341930935068fdb644e
sw-ke.facebook.com,AVAILABILITY,domains.list,domains.list,2026-10-03 12:22:12.548769+00:00,e9278341930935068fdb644e
t.fb.me,AVAILABILITY,domains.list,domains.list,2026-10-03 12:22:13.372620+00:00,e9278341930935068fdb644e
t002.fma.fb.me,AVAILABILITY,domains.list,domains.list,2026-10-03 12:22:33.587119+00:00,e9278341930935068fdb644e
t003.fma.fb.me,AVAILABILITY,domains.list,domains.list,2026-10-03 12:22:53.999024+00:00,e9278341930935068fdb644e
tech.fb.com,AVAILABILITY,domains.list,domains.list,2026-10-03 12:22:54.633553+00:00,e9278341930935068fdb644e
techprep.fb.com,AVAILABILITY,domains.list,domains.list,2026-10-03 12:22:55.183229+00:00,e9278341930935068fdb644e
telegra.m.me,AVAILABILITY,domains.list,domains.list,2026-10-03 12:22:55.686093+00:00,e9278341930935068fdb644e
telegram.messenger.com,AVAILABILITY,domains.list,domains.list,2026-10-03 12:22:56.190417+00:00,e9278341930935068fdb644e
th-th.facebook.com,AVAILABILITY,domains.list,domains.list,2026-10-03 12:22:56.852847+00:00,e9278341930935068fdb644e
th-th.messenger.com,AVAILABILITY,domains.list,domains.list,2026-10-03 12:22:57.429729+00:00,e9278341930935068fdb644e
threatexchange.fb.com,AVAILABILITY,domains.list,domains.list,2026-10-03 12:22:58.273491+00:00,e9278341930935068fdb644e
tl-ph.ar-ar.fb.me,AVAILABILITY,domains.list,domains.list,2026-10-03 12:22:58.635747+00:00,e9278341930935068fdb644e
tl-ph.facebook.com,AVAILABILITY,domains.list,domains.list,2026-10-03 12:22:59.000959+00:00,e9278341930935068fdb644e
tl-ph.vi-vn.fb.me,AVAILABILITY,domains.list,domains.list,2026-10-03 12:22:59.425049+00:00,e9278341930935068fdb644e
tm-sbx.fbsbx.com,AVAILABILITY,domains.list,domains.list,2026-10-03 12:22:59.793932+00:00,e9278341930935068fdb644e
tomcat.mfbcdn.net,AVAILABILITY,domains.list,domains.list,2026-10-03 12:22:59.997134+00:00,e9278341930935068fdb644e
touch.facebook.com,AVAILABILITY,domains.list,domains.list,2026-10-03 12:23:00.494094+00:00,e9278341930935068fdb644e
tr-tr.ar-ar.fb.me,AVAILABILITY,domains.list,domains.list,2026-10-03 12:23:01.140992+00:00,e9278341930935068fdb644e
tr-tr.facebook.com,AVAILABILITY,domains.list,domains.list,2026-10-03 12:23:01.529054+00:00,e9278341930935068fdb644e
tr-tr.fb.me,AVAILABILITY,domains.list,domains.list,2026-10-03 12:23:02.109553+00:00,e9278341930935068fdb644e
tr-tr.messenger.com,AVAILABILITY,domains.list,domains.list,2026-10-03 12:23:02.493108+00:00,e9278341930935068fdb644e
tr.fb.me,AVAILABILITY,domains.list,domains.list,2026-10-03 12:23:02.972721+00:00,e9278341930935068fdb644e
tv.fb.com,AVAILABILITY,domains.list,domains.list,2026-10-03 12:23:23.201855+00:00,e9278341930935068fdb644e
tw.msn.messenger.com,AVAILABILITY,domains.list,domains.list,2026-10-03 12:23:23.633581+00:00,e9278341930935068fdb644e
u00252fwww.messenger.com,AVAILABILITY,domains.list,domains.list,2026-10-03 12:23:24.232721+00:00,e9278341930935068fdb644e
uhaul.messenger.com,AVAILABILITY,domains.list,domains.list,2026-10-03 12:23:24.713725+00:00,e9278341930935068fdb644e
uk-ua.facebook.com,AVAILABILITY,domains.list,domains.list,2026-10-03 12:23:25.106709+00:00,e9278341930935068fdb644e
un.fb.me,AVAILABILITY,domains.list,domains.list,2026-10-03 12:23:25.595865+00:00,e9278341930935068fdb644e
upload.facebook.com,AVAILABILITY,domains.list,domains.list,2026-10-03 12:23:26.060885+00:00,e9278341930935068fdb644e
upload.messenger.com,AVAILABILITY,domains.list,domains.list,2026-10-03 12:23:26.619716+00:00,e9278341930935068fdb644e
upload.mfbcdn.net,AVAILABILITY,domains.list,domains.list,2026-10-03 12:23:26.976352+00:00,e9278341930935068fdb644e
ustglobal.facebook.com,AVAILABILITY,domains.list,domains.list,2026-10-03 12:23:27.465531+00:00,e9278341930935068fdb644e
vi-vn.facebook.com,AVAILABILITY,domains.list,domains.list,2026-10-03 12:23:28.053663+00:00,e9278341930935068fdb644e
vi-vn.fb.me,AVAILABILITY,domains.list,domains.list,2026-10-03 12:23:28.594904+00:00,e9278341930935068fdb644e
vi-vn.messenger.com,AVAILABILITY,domains.list,domains.list,2026-10-03 12:23:28.961295+00:00,e9278341930935068fdb644e
vi-vn.www.on.fb.me,AVAILABILITY,domains.list,domains.list,2026-10-03 12:23:29.623842+00:00,e9278341930935068fdb644e
video-iad3-1.xx.fbcdn.net,AVAILABILITY,domains.list,domains.list,2026-10-03 12:23:30.182544+00:00,e9278341930935068fdb644e
video-sof1-1.xx.fbcdn.net,AVAILABILITY,domains.list,domains.list,2026-10-03 12:23:31.346312+00:00,e9278341930935068fdb644e
video.facc1-1.fna.fbcdn.net,AVAILABILITY,domains.list,domains.list,2026-10-03 12:23:32.721036+00:00,e9278341930935068fdb644e
video.fmla1-1.fna.fbcdn.net,AVAILABILITY,domains.list,domains.list,2026-10-03 12:23:34.004443+00:00,e9278341930935068fdb644e
video.fmnl10-1.fna.fbcdn.net,AVAILABILITY,domains.list,domains.list,2026-10-03 12:23:35.588067+00:00,e9278341930935068fdb644e
video.fpoa1-1.fna.fbcdn.net,AVAILABILITY,domains.list,domains.list,2026-10-03 12:23:36.838736+00:00,e9278341930935068fdb644e
video.fpoa10-1.fna.fbcdn.net,AVAILABILITY,domains.list,domains.list,2026-10-03 12:23:37.935419+00:00,e9278341930935068fdb644e
video.fpoa11-1.fna.fbcdn.net,AVAILABILITY,domains.list,domains.list,2026-10-03 12:23:39.094501+00:00,e9278341930935068fdb644e
video.fpra1-1.fna.fbcdn.net,AVAILABILITY,domains.list,domains.list,2026-10-03 12:23:40.304332+00:00,e9278341930935068fdb644e
video.fria1-1.fna.fbcdn.net,AVAILABILITY,domains.list,domains.list,2026-10-03 12:23:41.461592+00:00,e9278341930935068fdb644e
video.fsdu11-1.fna.fbcdn.net,AVAILABILITY,domains.list,domains.list,2026-10-03 12:23:42.419374+00:00,e9278341930935068fdb644e
video.fssa1-1.fna.fbcdn.net,AVAILABILITY,domains.list,domains.list,2026-10-03 12:23:43.489031+00:00,e9278341930935068fdb644e
video.fssa10-1.fna.fbcdn.net,AVAILABILITY,domains.list,domains.list,2026-10-03 12:23:44.674004+00:00,e9278341930935068fdb644e
video.ftlm1-1.fna.fbcdn.net,AVAILABILITY,domains.list,domains.list,2026-10-03 12:23:45.739819+00:00,e9278341930935068fdb644e
video.ftlm1-2.fna.fbcdn.net,AVAILABILITY,domains.list,domains.list,2026-10-03 12:23:47.046361+00:00,e9278341930935068fdb644e
video.ftpa1-1.fna.fbcdn.net,AVAILABILITY,domains.list,domains.list,2026-10-03 12:23:47.224578+00:00,e9278341930935068fdb644e
video.fvit1-1.fna.fbcdn.net,AVAILABILITY,domains.list,domains.list,2026-10-03 12:23:48.102037+00:00,e9278341930935068fdb644e
video.xx.fbcdn.net,AVAILABILITY,domains.list,domains.list,2026-10-03 12:23:48.484533+00:00,e9278341930935068fdb644e
viewpoints.fb.com,AVAILABILITY,domains.list,domains.list,2026-10-03 12:23:49.170337+00:00,e9278341930935068fdb644e
vrforinclusion.fb.com,AVAILABILITY,domains.list,domains.list,2026-10-03 12:23:49.539529+00:00,e9278341930935068fdb644e
vupload-edge.facebook.com,AVAILABILITY,domains.list,domains.list,2026-10-03 12:23:50.203830+00:00,e9278341930935068fdb644e
wavesplatfor.m.me,AVAILABILITY,domains.list,domains.list,2026-10-03 12:23:50.703542+00:00,e9278341930935068fdb644e
wc.messenger.com,AVAILABILITY,domains.list,domains.list,2026-10-03 12:23:51.057249+00:00,e9278341930935068fdb644e
web.facebook.com,AVAILABILITY,domains.list,domains.list,2026-10-03 12:23:51.416947+00:00,e9278341930935068fdb644e
web.fb.me,AVAILABILITY,domains.list,domains.list,2026-10-03 12:23:52.304037+00:00,e9278341930935068fdb644e
web.messenger.com,AVAILABILITY,domains.list,domains.list,2026-10-03 12:23:52.722317+00:00,e9278341930935068fdb644e
webdav.facebook.com,AVAILABILITY,domains.list,domains.list,2026-10-03 12:23:53.180508+00:00,e9278341930935068fdb644e
webex.messenger.com,AVAILABILITY,domains.list,domains.list,2026-10-03 12:23:53.650626+00:00,e9278341930935068fdb644e
wethinkdigital.fb.com,AVAILABILITY,domains.list,domains.list,2026-10-03 12:23:54.221960+00:00,e9278341930935068fdb644e
whatsapp.messenger.com,AVAILABILITY,domains.list,domains.list,2026-10-03 12:23:55.007965+00:00,e9278341930935068fdb644e
work-89715997.facebook.com,AVAILABILITY,domains.list,domains.list,2026-10-03 12:23:55.507202+00:00,e9278341930935068fdb644e
work.facebook.com,AVAILABILITY,domains.list,domains.list,2026-10-03 12:23:56.457115+00:00,e9278341930935068fdb644e
workplace.facebook.com,AVAILABILITY,domains.list,domains.list,2026-10-03 12:23:57.639192+00:00,e9278341930935068fdb644e
workplace.fb.com,AVAILABILITY,domains.list,domains.list,2026-10-03 12:23:58.231271+00:00,e9278341930935068fdb644e
wwinternational.facebook.com,AVAILABILITY,domains.list,domains.list,2026-10-03 12:23:59.096847+00:00,e9278341930935068fdb644e
www.1907113739430074.fb.me,AVAILABILITY,domains.list,domains.list,2026-10-03 12:23:59.922458+00:00,e9278341930935068fdb644e
www.24im.messenger.com,AVAILABILITY,domains.list,domains.list,2026-10-03 12:24:00.727307+00:00,e9278341930935068fdb644e
www.348214209341889.apps.fbsbx.com,AVAILABILITY,domains.list,domains.list,2026-10-03 12:24:01.716848+00:00,e9278341930935068fdb644e
www.aol.messenger.com,AVAILABILITY,domains.list,domains.list,2026-10-03 12:24:02.285058+00:00,e9278341930935068fdb644e
www.apps-1132114886936787.apps.fbsbx.com,AVAILABILITY,domains.list,domains.list,2026-10-03 12:24:02.716129+00:00,e9278341930935068fdb644e
www.apps-1192247540901063.apps.fbsbx.com,AVAILABILITY,domains.list,domains.list,2026-10-03 12:24:03.390160+00:00,e9278341930935068fdb644e
www.apps-1214104412028762.apps.fbsbx.com,AVAILABILITY,domains.list,domains.list,2026-10-03 12:24:04.158220+00:00,e9278341930935068fdb644e
www.apps-1228187864000427.apps.fbsbx.com,AVAILABILITY,domains.list,domains.list,2026-10-03 12:24:04.823852+00:00,e9278341930935068fdb644e
www.apps-1545834658847763.apps.fbsbx.com,AVAILABILITY,domains.list,domains.list,2026-10-03 12:24:05.592182+00:00,e9278341930935068fdb644e
www.apps-1602981533104548.apps.fbsbx.com,AVAILABILITY,domains.list,domains.list,2026-10-03 12:24:06.262155+00:00,e9278341930935068fdb644e
www.apps-160840521263423.apps.fbsbx.com,AVAILABILITY,domains.list,domains.list,2026-10-03 12:24:06.911385+00:00,e9278341930935068fdb644e
www.apps-166387070613883.apps.fbsbx.com,AVAILABILITY,domains.list,domains.list,2026-10-03 12:24:07.685848+00:00,e9278341930935068fdb644e
www.apps-1673197939379493.apps.fbsbx.com,AVAILABILITY,domains.list,domains.list,2026-10-03 12:24:08.358937+00:00,e9278341930935068fdb644e
www.apps-169478733650534.apps.fbsbx.com,AVAILABILITY,domains.list,domains.list,2026-10-03 12:24:08.926423+00:00,e9278341930935068fdb644e
www.apps-1699933326751079.apps.fbsbx.com,AVAILABILITY,domains.list,domains.list,2026-10-03 12:24:09.552973+00:00,e9278341930935068fdb644e
www.apps-1787553804645956.apps.fbsbx.com,AVAILABILITY,domains.list,domains.list,2026-10-03 12:24:10.123971+00:00,e9278341930935068fdb644e
www.apps-1825153594465039.apps.fbsbx.com,AVAILABILITY,domains.list,domains.list,2026-10-03 12:24:10.738223+00:00,e9278341930935068fdb644e
www.apps-183280755726603.apps.fbsbx.com,AVAILABILITY,domains.list,domains.list,2026-10-03 12:24:11.647813+00:00,e9278341930935068fdb644e
www.apps-186681675513260.apps.fbsbx.com,AVAILABILITY,domains.list,domains.list,2026-10-03 12:24:12.434840+00:00,e9278341930935068fdb644e
www.apps-188484065419299.apps.fbsbx.com,AVAILABILITY,domains.list,domains.list,2026-10-03 12:24:12.932022+00:00,e9278341930935068fdb644e
www.apps-1939015149698140.apps.fbsbx.com,AVAILABILITY,domains.list,domains.list,2026-10-03 12:24:13.711818+00:00,e9278341930935068fdb644e
www.apps-194046404492818.apps.fbsbx.com,AVAILABILITY,domains.list,domains.list,2026-10-03 12:24:14.537015+00:00,e9278341930935068fdb644e
www.apps-1942263932536467.apps.fbsbx.com,AVAILABILITY,domains.list,domains.list,2026-10-03 12:24:15.139013+00:00,e9278341930935068fdb644e
www.apps-199510794066778.apps.fbsbx.com,AVAILABILITY,domains.list,domains.list,2026-10-03 12:24:16.197661+00:00,e9278341930935068fdb644e
www.apps-2005612986347979.apps.fbsbx.com,AVAILABILITY,domains.list,domains.list,2026-10-03 12:24:16.979551+00:00,e9278341930935068fdb644e
www.apps-2069434719753161.apps.fbsbx.com,AVAILABILITY,domains.list,domains.list,2026-10-03 12:24:17.905636+00:00,e9278341930935068fdb644e
www.apps-207011573569527.apps.fbsbx.com,AVAILABILITY,domains.list,domains.list,2026-10-03 12:24:18.426044+00:00,e9278341930935068fdb644e
www.apps-2078631879044532.apps.fbsbx.com,AVAILABILITY,domains.list,domains.list,2026-10-03 12:24:19.163815+00:00,e9278341930935068fdb644e
www.apps-2084865358395589.apps.fbsbx.com,AVAILABILITY,domains.list,domains.list,2026-10-03 12:24:19.873685+00:00,e9278341930935068fdb644e
www.apps-208569666689697.apps.fbsbx.com,AVAILABILITY,domains.list,domains.list,2026-10-03 12:24:20.546923+00:00,e9278341930935068fdb644e
www.apps-2085905595054659.apps.fbsbx.com,AVAILABILITY,domains.list,domains.list,2026-10-03 12:24:21.001861+00:00,e9278341930935068fdb644e
www.apps-2095791540676791.apps.fbsbx.com,AVAILABILITY,domains.list,domains.list,2026-10-03 12:24:21.902245+00:00,e9278341930935068fdb644e
www.apps-2132503030412548.apps.fbsbx.com,AVAILABILITY,domains.list,domains.list,2026-10-03 12:24:22.577908+00:00,e9278341930935068fdb644e
www.apps-2139907719383042.apps.fbsbx.com,AVAILABILITY,domains.list,domains.list,2026-10-03 12:24:23.385393+00:00,e9278341930935068fdb644e
www.apps-214087315949443.apps.fbsbx.com,AVAILABILITY,domains.list,domains.list,2026-10-03 12:24:24.191999+00:00,e9278341930935068fdb644e
www.apps-2172349176344205.apps.fbsbx.com,AVAILABILITY,domains.list,domains.list,2026-10-03 12:24:24.690614+00:00,e9278341930935068fdb644e
www.apps-2179404012307971.apps.fbsbx.com,AVAILABILITY,domains.list,domains.list,2026-10-03 12:24:25.348019+00:00,e9278341930935068fdb644e
www.apps-2184660561748468.apps.fbsbx.com,AVAILABILITY,domains.list,domains.list,2026-10-03 12:24:26.020166+00:00,e9278341930935068fdb644e
www.apps-226166117984247.apps.fbsbx.com,AVAILABILITY,domains.list,domains.list,2026-10-03 12:24:26.663357+00:00,e9278341930935068fdb644e
www.apps-2265079503727097.apps.fbsbx.com,AVAILABILITY,domains.list,domains.list,2026-10-03 12:24:27.325373+00:00,e9278341930935068fdb644e
www.apps-2296047290409384.apps.fbsbx.com,AVAILABILITY,domains.list,domains.list,2026-10-03 12:24:27.905474+00:00,e9278341930935068fdb644e
www.apps-232170860602554.apps.fbsbx.com,AVAILABILITY,domains.list,domains.list,2026-10-03 12:24:28.616873+00:00,e9278341930935068fdb644e
www.apps-236694420248901.apps.fbsbx.com,AVAILABILITY,domains.list,domains.list,2026-10-03 12:24:29.234352+00:00,e9278341930935068fdb644e
www.apps-2439130869458646.apps.fbsbx.com,AVAILABILITY,domains.list,domains.list,2026-10-03 12:24:29.962380+00:00,e9278341930935068fdb644e
www.apps-249058842412197.apps.fbsbx.com,AVAILABILITY,domains.list,domains.list,2026-10-03 12:24:30.736790+00:00,e9278341930935068fdb644e
www.apps-253763508667335.apps.fbsbx.com,AVAILABILITY,domains.list,domains.list,2026-10-03 12:24:31.520092+00:00,e9278341930935068fdb644e
www.apps-254328148486286.apps.fbsbx.com,AVAILABILITY,domains.list,domains.list,2026-10-03 12:24:32.131170+00:00,e9278341930935068fdb644e
www.apps-255976375072290.apps.fbsbx.com,AVAILABILITY,domains.list,domains.list,2026-10-03 12:24:32.684338+00:00,e9278341930935068fdb644e
www.apps-260713444015583.apps.fbsbx.com,AVAILABILITY,domains.list,domains.list,2026-10-03 12:24:33.210326+00:00,e9278341930935068fdb644e
www.apps-261796957853828.apps.fbsbx.com,AVAILABILITY,domains.list,domains.list,2026-10-03 12:24:33.876940+00:00,e9278341930935068fdb644e
www.apps-264813730813067.apps.fbsbx.com,AVAILABILITY,domains.list,domains.list,2026-10-03 12:24:34.474250+00:00,e9278341930935068fdb644e
www.apps-273318713323222.apps.fbsbx.com,AVAILABILITY,domains.list,domains.list,2026-10-03 12:24:35.062147+00:00,e9278341930935068fdb644e
www.apps-278152362840481.apps.fbsbx.com,AVAILABILITY,domains.list,domains.list,2026-10-03 12:24:35.577015+00:00,e9278341930935068fdb644e
www.apps-281311582490253.apps.fbsbx.com,AVAILABILITY,domains.list,domains.list,2026-10-03 12:24:36.255022+00:00,e9278341930935068fdb644e
www.apps-289333235197308.apps.fbsbx.com,AVAILABILITY,domains.list,domains.list,2026-10-03 12:24:36.786188+00:00,e9278341930935068fdb644e
www.apps-308084433059751.apps.fbsbx.com,AVAILABILITY,domains.list,domains.list,2026-10-03 12:24:37.453304+00:00,e9278341930935068fdb644e
www.apps-316495142521144.apps.fbsbx.com,AVAILABILITY,domains.list,domains.list,2026-10-03 12:24:38.215271+00:00,e9278341930935068fdb644e
www.apps-325224894889683.apps.fbsbx.com,AVAILABILITY,domains.list,domains.list,2026-10-03 12:24:38.947668+00:00,e9278341930935068fdb644e
www.apps-332538517327265.apps.fbsbx.com,AVAILABILITY,domains.list,domains.list,2026-10-03 12:24:39.459133+00:00,e9278341930935068fdb644e
www.apps-345185079556876.apps.fbsbx.com,AVAILABILITY,domains.list,domains.list,2026-10-03 12:24:40.191675+00:00,e9278341930935068fdb644e
www.apps-348214209341889.apps.fbsbx.com,AVAILABILITY,domains.list,domains.list,2026-10-03 12:24:40.684015+00:00,e9278341930935068fdb644e
www.apps-351078265631893.apps.fbsbx.com,AVAILABILITY,domains.list,domains.list,2026-10-03 12:24:41.460389+00:00,e9278341930935068fdb644e
www.apps-357189068359117.apps.fbsbx.com,AVAILABILITY,domains.list,domains.list,2026-10-03 12:24:41.966115+00:00,e9278341930935068fdb644e
www.apps-365534404016002.apps.fbsbx.com,AVAILABILITY,domains.list,domains.list,2026-10-03 12:24:42.543610+00:00,e9278341930935068fdb644e
www.apps-379618815909336.apps.fbsbx.com,AVAILABILITY,domains.list,domains.list,2026-10-03 12:24:43.222981+00:00,e9278341930935068fdb644e
www.apps-416920988735303.apps.fbsbx.com,AVAILABILITY,domains.list,domains.list,2026-10-03 12:24:43.835632+00:00,e9278341930935068fdb644e
www.apps-430637457408280.apps.fbsbx.com,AVAILABILITY,domains.list,domains.list,2026-10-03 12:24:44.505906+00:00,e9278341930935068fdb644e
www.apps-435721936875827.apps.fbsbx.com,AVAILABILITY,domains.list,domains.list,2026-10-03 12:24:45.103144+00:00,e9278341930935068fdb644e
www.apps-440945256433897.apps.fbsbx.com,AVAILABILITY,domains.list,domains.list,2026-10-03 12:24:45.817258+00:00,e9278341930935068fdb644e
www.apps-469033456836573.apps.fbsbx.com,AVAILABILITY,domains.list,domains.list,2026-10-03 12:24:46.408582+00:00,e9278341930935068fdb644e
www.apps-469069796905668.apps.fbsbx.com,AVAILABILITY,domains.list,domains.list,2026-10-03 12:24:47.147474+00:00,e9278341930935068fdb644e
www.apps-472412203281979.apps.fbsbx.com,AVAILABILITY,domains.list,domains.list,2026-10-03 12:24:47.766538+00:00,e9278341930935068fdb644e
www.apps-474443516378085.apps.fbsbx.com,AVAILABILITY,domains.list,domains.list,2026-10-03 12:24:48.399929+00:00,e9278341930935068fdb644e
www.apps-479029962505341.apps.fbsbx.com,AVAILABILITY,domains.list,domains.list,2026-10-03 12:24:48.922809+00:00,e9278341930935068fdb644e
www.apps-492432114586553.apps.fbsbx.com,AVAILABILITY,domains.list,domains.list,2026-10-03 12:24:49.666667+00:00,e9278341930935068fdb644e
www.apps-507890782968907.apps.fbsbx.com,AVAILABILITY,domains.list,domains.list,2026-10-03 12:24:50.483034+00:00,e9278341930935068fdb644e
www.apps-514261135697635.apps.fbsbx.com,AVAILABILITY,domains.list,domains.list,2026-10-03 12:24:51.297567+00:00,e9278341930935068fdb644e
www.apps-517524528760947.apps.fbsbx.com,AVAILABILITY,domains.list,domains.list,2026-10-03 12:24:51.763872+00:00,e9278341930935068fdb644e
www.apps-519222701883502.apps.fbsbx.com,AVAILABILITY,domains.list,domains.list,2026-10-03 12:24:52.600191+00:00,e9278341930935068fdb644e
www.apps-538324849925664.apps.fbsbx.com,AVAILABILITY,domains.list,domains.list,2026-10-03 12:24:53.255333+00:00,e9278341930935068fdb644e
www.apps-539921089788954.apps.fbsbx.com,AVAILABILITY,domains.list,domains.list,2026-10-03 12:24:53.760403+00:00,e9278341930935068fdb644e
www.apps-546661508998943.apps.fbsbx.com,AVAILABILITY,domains.list,domains.list,2026-10-03 12:24:54.438954+00:00,e9278341930935068fdb644e
www.apps-557106561398862.apps.fbsbx.com,AVAILABILITY,domains.list,domains.list,2026-10-03 12:24:55.017809+00:00,e9278341930935068fdb644e
www.apps-709002776145083.apps.fbsbx.com,AVAILABILITY,domains.list,domains.list,2026-10-03 12:24:55.556869+00:00,e9278341930935068fdb644e
www.apps-779934465677983.apps.fbsbx.com,AVAILABILITY,domains.list,domains.list,2026-10-03 12:24:56.319710+00:00,e9278341930935068fdb644e
www.apps-783505298507491.apps.fbsbx.com,AVAILABILITY,domains.list,domains.list,2026-10-03 12:24:56.959172+00:00,e9278341930935068fdb644e
www.apps-900016243542343.apps.fbsbx.com,AVAILABILITY,domains.list,domains.list,2026-10-03 12:24:57.781097+00:00,e9278341930935068fdb644e
www.apps-902424996813091.apps.fbsbx.com,AVAILABILITY,domains.list,domains.list,2026-10-03 12:24:58.496839+00:00,e9278341930935068fdb644e
www.apps-929526610591433.apps.fbsbx.com,AVAILABILITY,domains.list,domains.list,2026-10-03 12:24:59.045234+00:00,e9278341930935068fdb644e
www.apps-936118136567755.apps.fbsbx.com,AVAILABILITY,domains.list,domains.list,2026-10-03 12:24:59.860552+00:00,e9278341930935068fdb644e
www.apps.fbsbx.com,AVAILABILITY,domains.list,domains.list,2026-10-03 12:25:00.467799+00:00,e9278341930935068fdb644e
www.apps.messenger.com,AVAILABILITY,domains.list,domains.list,2026-10-03 12:25:01.152688+00:00,e9278341930935068fdb644e
www.atlasdirect.com,AVAILABILITY,domains.list,domains.list,2026-10-03 12:25:02.512097+00:00,e9278341930935068fdb644e
www.beta.facebook.net,AVAILABILITY,domains.list,domains.list,2026-10-03 12:25:03.052882+00:00,e9278341930935068fdb644e
www.cpan.mirror.facebook.net,AVAILABILITY,domains.list,domains.list,2026-10-03 12:25:04.067060+00:00,e9278341930935068fdb644e
www.en-gb.messenger.com,AVAILABILITY,domains.list,domains.list,2026-10-03 12:25:04.871986+00:00,e9278341930935068fdb644e
www.es-es.messenger.com,AVAILABILITY,domains.list,domains.list,2026-10-03 12:25:05.474880+00:00,e9278341930935068fdb644e
www.es-la.messenger.com,AVAILABILITY,domains.list,domains.list,2026-10-03 12:25:06.150324+00:00,e9278341930935068fdb644e
www.facebook-web-clients.appspot.com,AVAILABILITY,domains.list,domains.list,2026-10-03 12:25:06.653356+00:00,e9278341930935068fdb644e
www.facebook.com,AVAILABILITY,domains.list,domains.list,2026-10-03 12:25:07.631466+00:00,e9278341930935068fdb644e
www.facebook.messenger.com,AVAILABILITY,domains.list,domains.list,2026-10-03 12:25:09.325961+00:00,e9278341930935068fdb644e
www.fb.com,AVAILABILITY,domains.list,domains.list,2026-10-03 12:25:10.565592+00:00,e9278341930935068fdb644e
www.fb.me,AVAILABILITY,domains.list,domains.list,2026-10-03 12:25:11.301168+00:00,e9278341930935068fdb644e
www.fbcdn.com,AVAILABILITY,domains.list,domains.list,2026-10-03 12:25:11.957063+00:00,e9278341930935068fdb644e
www.fbjs.facebook.com,AVAILABILITY,domains.list,domains.list,2026-10-03 12:25:12.779418+00:00,e9278341930935068fdb644e
www.fbsbx.com,AVAILABILITY,domains.list,domains.list,2026-10-03 12:25:13.433298+00:00,e9278341930935068fdb644e
www.fedora.mirror.facebook.net,AVAILABILITY,domains.list,domains.list,2026-10-03 12:25:14.091446+00:00,e9278341930935068fdb644e
www.feedback.messenger.com,AVAILABILITY,domains.list,domains.list,2026-10-03 12:25:14.901039+00:00,e9278341930935068fdb644e
www.fr-ca.messenger.com,AVAILABILITY,domains.list,domains.list,2026-10-03 12:25:15.526073+00:00,e9278341930935068fdb644e
www.fr.msn.messenger.com,AVAILABILITY,domains.list,domains.list,2026-10-03 12:25:16.336256+00:00,e9278341930935068fdb644e
www.garena.messenger.com,AVAILABILITY,domains.list,domains.list,2026-10-03 12:25:16.908948+00:00,e9278341930935068fdb644e
www.google.messenger.com,AVAILABILITY,domains.list,domains.list,2026-10-03 12:25:17.532344+00:00,e9278341930935068fdb644e
www.hi5.messenger.com,AVAILABILITY,domains.list,domains.list,2026-10-03 12:25:18.107827+00:00,e9278341930935068fdb644e
www.hu-hu.messenger.com,AVAILABILITY,domains.list,domains.list,2026-10-03 12:25:18.760114+00:00,e9278341930935068fdb644e
www.it-it.messenger.com,AVAILABILITY,domains.list,domains.list,2026-10-03 12:25:19.496393+00:00,e9278341930935068fdb644e
www.ja-jp.messenger.com,AVAILABILITY,domains.list,domains.list,2026-10-03 12:25:20.209124+00:00,e9278341930935068fdb644e
www.kik.messenger.com,AVAILABILITY,domains.list,domains.list,2026-10-03 12:25:20.930915+00:00,e9278341930935068fdb644e
www.ko-kr.messenger.com,AVAILABILITY,domains.list,domains.list,2026-10-03 12:25:21.566571+00:00,e9278341930935068fdb644e
www.m.me,AVAILABILITY,domains.list,domains.list,2026-10-03 12:25:22.221853+00:00,e9278341930935068fdb644e
www.m.messenger.com,AVAILABILITY,domains.list,domains.list,2026-10-03 12:25:22.848663+00:00,e9278341930935068fdb644e
www.maximiles.co.messenger.com,AVAILABILITY,domains.list,domains.list,2026-10-03 12:25:23.594966+00:00,e9278341930935068fdb644e
www.messenger.com,AVAILABILITY,domains.list,domains.list,2026-10-03 12:25:24.201961+00:00,e9278341930935068fdb644e
