{
    "counter": {
        "ACTIVE": 649,
        "INACTIVE": 1,
        "INVALID": 0,
        "MALICIOUS": 0,
        "SANE": 0,
        "VALID": 0,
        "total": 650
    },
    "percentage": {
        "ACTIVE": 99.84615384615384,
        "INACTIVE": 0.2079002079002079,
        "INVALID": 0,
        "MALICIOUS": 0,
        "SANE": 0,
        "VALID": 0,
        "total": 100.05405405405405
    }
}