{
    "counter": {
        "ACTIVE": 573,
        "INACTIVE": 1,
        "INVALID": 0,
        "MALICIOUS": 0,
        "SANE": 0,
        "VALID": 0,
        "total": 574
    },
    "percentage": {
        "ACTIVE": 99.82578397212544,
        "INACTIVE": 0.273972602739726,
        "INVALID": 0,
        "MALICIOUS": 0,
        "SANE": 0,
        "VALID": 0,
        "total": 100.09975657486517
    }
}