{
    "counter": {
        "ACTIVE": 768,
        "INACTIVE": 1,
        "INVALID": 0,
        "MALICIOUS": 0,
        "SANE": 0,
        "VALID": 0,
        "total": 769
    },
    "percentage": {
        "ACTIVE": 99.86996098829648,
        "INACTIVE": 0.21052631578947367,
        "INVALID": 0,
        "MALICIOUS": 0,
        "SANE": 0,
        "VALID": 0,
        "total": 100.08048730408596
    }
}