{
    "counter": {
        "ACTIVE": 408,
        "INACTIVE": 1,
        "INVALID": 0,
        "MALICIOUS": 0,
        "SANE": 0,
        "VALID": 0,
        "total": 409
    },
    "percentage": {
        "ACTIVE": 99.75550122249389,
        "INACTIVE": 0.2724795640326976,
        "INVALID": 0,
        "MALICIOUS": 0,
        "SANE": 0,
        "VALID": 0,
        "total": 100.02798078652658
    }
}