{
    "counter": {
        "ACTIVE": 1134,
        "INACTIVE": 4,
        "INVALID": 0,
        "MALICIOUS": 0,
        "SANE": 0,
        "VALID": 0,
        "total": 1138
    },
    "percentage": {
        "ACTIVE": 99.64850615114236,
        "INACTIVE": 0.8333333333333334,
        "INVALID": 0,
        "MALICIOUS": 0,
        "SANE": 0,
        "VALID": 0,
        "total": 100.48183948447569
    }
}