{
    "counter": {
        "ACTIVE": 627,
        "INACTIVE": 1,
        "INVALID": 0,
        "MALICIOUS": 0,
        "SANE": 0,
        "VALID": 0,
        "total": 628
    },
    "percentage": {
        "ACTIVE": 99.8407643312102,
        "INACTIVE": 0.20833333333333334,
        "INVALID": 0,
        "MALICIOUS": 0,
        "SANE": 0,
        "VALID": 0,
        "total": 100.04909766454352
    }
}