{
    "counter": {
        "ACTIVE": 1170,
        "INACTIVE": 1,
        "INVALID": 0,
        "MALICIOUS": 0,
        "SANE": 0,
        "VALID": 0,
        "total": 1171
    },
    "percentage": {
        "ACTIVE": 99.91460290350128,
        "INACTIVE": 0.15873015873015872,
        "INVALID": 0,
        "MALICIOUS": 0,
        "SANE": 0,
        "VALID": 0,
        "total": 100.07333306223144
    }
}