{
    "counter": {
        "ACTIVE": 641,
        "INACTIVE": 2,
        "INVALID": 0,
        "MALICIOUS": 0,
        "SANE": 0,
        "VALID": 0,
        "total": 643
    },
    "percentage": {
        "ACTIVE": 99.68895800933126,
        "INACTIVE": 0.4175365344467641,
        "INVALID": 0,
        "MALICIOUS": 0,
        "SANE": 0,
        "VALID": 0,
        "total": 100.10649454377803
    }
}