{
    "counter": {
        "ACTIVE": 974,
        "INACTIVE": 1,
        "INVALID": 0,
        "MALICIOUS": 0,
        "SANE": 0,
        "VALID": 0,
        "total": 975
    },
    "percentage": {
        "ACTIVE": 99.8974358974359,
        "INACTIVE": 0.20491803278688525,
        "INVALID": 0,
        "MALICIOUS": 0,
        "SANE": 0,
        "VALID": 0,
        "total": 100.10235393022278
    }
}