{
    "counter": {
        "ACTIVE": 655,
        "INACTIVE": 1,
        "INVALID": 0,
        "MALICIOUS": 0,
        "SANE": 0,
        "VALID": 0,
        "total": 656
    },
    "percentage": {
        "ACTIVE": 99.84756097560975,
        "INACTIVE": 0.2079002079002079,
        "INVALID": 0,
        "MALICIOUS": 0,
        "SANE": 0,
        "VALID": 0,
        "total": 100.05546118350996
    }
}