{
    "counter": {
        "ACTIVE": 573,
        "INACTIVE": 3,
        "INVALID": 0,
        "MALICIOUS": 0,
        "SANE": 0,
        "VALID": 0,
        "total": 576
    },
    "percentage": {
        "ACTIVE": 99.47916666666667,
        "INACTIVE": 0.6198347107438017,
        "INVALID": 0,
        "MALICIOUS": 0,
        "SANE": 0,
        "VALID": 0,
        "total": 100.09900137741047
    }
}