{
    "counter": {
        "ACTIVE": 650,
        "INACTIVE": 4,
        "INVALID": 0,
        "MALICIOUS": 0,
        "SANE": 0,
        "VALID": 0,
        "total": 654
    },
    "percentage": {
        "ACTIVE": 99.38837920489297,
        "INACTIVE": 0.8264462809917356,
        "INVALID": 0,
        "MALICIOUS": 0,
        "SANE": 0,
        "VALID": 0,
        "total": 100.2148254858847
    }
}