{
    "counter": {
        "ACTIVE": 812,
        "INACTIVE": 2,
        "INVALID": 0,
        "MALICIOUS": 0,
        "SANE": 0,
        "VALID": 0,
        "total": 814
    },
    "percentage": {
        "ACTIVE": 99.75429975429975,
        "INACTIVE": 0.42016806722689076,
        "INVALID": 0,
        "MALICIOUS": 0,
        "SANE": 0,
        "VALID": 0,
        "total": 100.17446782152665
    }
}