{
    "counter": {
        "ACTIVE": 571,
        "INACTIVE": 3,
        "INVALID": 0,
        "MALICIOUS": 0,
        "SANE": 0,
        "VALID": 0,
        "total": 574
    },
    "percentage": {
        "ACTIVE": 99.4773519163763,
        "INACTIVE": 0.6263048016701461,
        "INVALID": 0,
        "MALICIOUS": 0,
        "SANE": 0,
        "VALID": 0,
        "total": 100.10365671804645
    }
}