{
    "counter": {
        "ACTIVE": 674,
        "INACTIVE": 2,
        "INVALID": 0,
        "MALICIOUS": 0,
        "SANE": 0,
        "VALID": 0,
        "total": 676
    },
    "percentage": {
        "ACTIVE": 99.70414201183432,
        "INACTIVE": 0.5434782608695652,
        "INVALID": 0,
        "MALICIOUS": 0,
        "SANE": 0,
        "VALID": 0,
        "total": 100.24762027270388
    }
}