{
    "counter": {
        "ACTIVE": 826,
        "INACTIVE": 12,
        "INVALID": 0,
        "MALICIOUS": 0,
        "SANE": 0,
        "VALID": 0,
        "total": 838
    },
    "percentage": {
        "ACTIVE": 98.56801909307876,
        "INACTIVE": 1.4354066985645932,
        "INVALID": 0,
        "MALICIOUS": 0,
        "SANE": 0,
        "VALID": 0,
        "total": 100.00342579164335
    }
}