{
    "counter": {
        "ACTIVE": 769,
        "INACTIVE": 3,
        "INVALID": 0,
        "MALICIOUS": 0,
        "SANE": 0,
        "VALID": 0,
        "total": 772
    },
    "percentage": {
        "ACTIVE": 99.61139896373057,
        "INACTIVE": 0.6237006237006237,
        "INVALID": 0,
        "MALICIOUS": 0,
        "SANE": 0,
        "VALID": 0,
        "total": 100.2350995874312
    }
}