{
    "counter": {
        "ACTIVE": 766,
        "INACTIVE": 2,
        "INVALID": 0,
        "MALICIOUS": 0,
        "SANE": 0,
        "VALID": 0,
        "total": 768
    },
    "percentage": {
        "ACTIVE": 99.73958333333333,
        "INACTIVE": 0.41841004184100417,
        "INVALID": 0,
        "MALICIOUS": 0,
        "SANE": 0,
        "VALID": 0,
        "total": 100.15799337517433
    }
}