{
    "counter": {
        "ACTIVE": 770,
        "INACTIVE": 1,
        "INVALID": 0,
        "MALICIOUS": 0,
        "SANE": 0,
        "VALID": 0,
        "total": 771
    },
    "percentage": {
        "ACTIVE": 99.87029831387808,
        "INACTIVE": 0.2557544757033248,
        "INVALID": 0,
        "MALICIOUS": 0,
        "SANE": 0,
        "VALID": 0,
        "total": 100.12605278958141
    }
}